event_id,event_description,date_window,narrative,author,source,text
event_us_politics_2026_03,"US politics, March 2026: Trump administration military strikes on Iran, domestic ICE/DHS security policy announcements, and related partisan reaction (incl. Left-wing framing of Trump-era foreign policy via the Cuba/Havana convoy coverage).",2026-03,Left-wing,novaramedia,twitter,Our reporter  @StevenJMethven  is in Havana covering the Nuestra America Convoy delivering aid to Cuba in the face of Trump’s oil blockade.    Follow his updates on  @novaramedia
event_us_politics_2026_03,"US politics, March 2026: Trump administration military strikes on Iran, domestic ICE/DHS security policy announcements, and related partisan reaction (incl. Left-wing framing of Trump-era foreign policy via the Cuba/Havana convoy coverage).",2026-03,Left-wing,novaramedia,twitter,"“Cuba’s president has said that attempts to take the island will be met with ‘impregnable resistance’.   ""That resistance is now international.”    Novara Media’s  @StevenJMethven  is in Cuba, reporting on a convoy delivering aid to Cubans struggling under Trump’s oil embargo."
event_us_politics_2026_03,"US politics, March 2026: Trump administration military strikes on Iran, domestic ICE/DHS security policy announcements, and related partisan reaction (incl. Left-wing framing of Trump-era foreign policy via the Cuba/Havana convoy coverage).",2026-03,Left-wing,novaramedia,twitter,"“They’re a very weakened nation right now.”  After imposing a fuel blockade on Cuba, leading to a nationwide blackout and humanitarian crisis, Donald Trump says he can now “take” the country and “do anything I want with it.”  On Monday, the state-owned company Unión Eléctrica"
event_us_politics_2026_03,"US politics, March 2026: Trump administration military strikes on Iran, domestic ICE/DHS security policy announcements, and related partisan reaction (incl. Left-wing framing of Trump-era foreign policy via the Cuba/Havana convoy coverage).",2026-03,Left-wing,novaramedia,twitter,"'We’ve all met men like the US president or his war secretary Pete Hegseth before: belligerent, swaggering, high on their own machismo supply.   'And nothing will make them more dangerous than looking stupid in front of the whole world.'  In today's Cortado, Steven Methven"
event_us_politics_2026_03,"US politics, March 2026: Trump administration military strikes on Iran, domestic ICE/DHS security policy announcements, and related partisan reaction (incl. Left-wing framing of Trump-era foreign policy via the Cuba/Havana convoy coverage).",2026-03,Left-wing,novaramedia,twitter,"The Greens have a 70% chance of taking David Lammy’s seat at the next election, according to recent polling analysis.  But Lammy insists there is “no prospect” of Zack Polanski’s party winning in his Tottenham constituency.  “I don’t think the political class have been shaken out"
event_us_politics_2026_03,"US politics, March 2026: Trump administration military strikes on Iran, domestic ICE/DHS security policy announcements, and related partisan reaction (incl. Left-wing framing of Trump-era foreign policy via the Cuba/Havana convoy coverage).",2026-03,Left-wing,novaramedia,twitter,Donald Trump has reportedly taken to calling Keir Starmer a loser behind closed doors.   A source present at a private dinner party with the US president within the last fortnight told the Telegraph: “Trump has started calling Starmer a loser. He said it at a dinner with friends.
event_us_politics_2026_03,"US politics, March 2026: Trump administration military strikes on Iran, domestic ICE/DHS security policy announcements, and related partisan reaction (incl. Left-wing framing of Trump-era foreign policy via the Cuba/Havana convoy coverage).",2026-03,Left-wing,novaramedia,twitter,She was released after Zohran Mamdani brought up her case in a meeting with Donald Trump.
event_us_politics_2026_03,"US politics, March 2026: Trump administration military strikes on Iran, domestic ICE/DHS security policy announcements, and related partisan reaction (incl. Left-wing framing of Trump-era foreign policy via the Cuba/Havana convoy coverage).",2026-03,Left-wing,novaramedia,twitter,"“The idea that you could just kill Ayatollah Khamanei and it would be brushed under the carpet was pretty misplaced.”  On Novara Live, writer Eskandar Sadeghi-Boroujerdi says that the death of Iran's Supreme Leader will not make them automatically capitulate to Donald Trump,"
event_us_politics_2026_03,"US politics, March 2026: Trump administration military strikes on Iran, domestic ICE/DHS security policy announcements, and related partisan reaction (incl. Left-wing framing of Trump-era foreign policy via the Cuba/Havana convoy coverage).",2026-03,Left-wing,novaramedia,twitter,"Ed Davey has taken aim at ""tax exiles like Isabel Oakeshott and washed up old footballers"" who have been evacuated from Dubai, paid for by the UK taxpayer, after Iran fired missiles at the city.  The Liberal Democrat leader said on Monday that people like Oakeshott ""mock ordinary"
event_us_politics_2026_03,"US politics, March 2026: Trump administration military strikes on Iran, domestic ICE/DHS security policy announcements, and related partisan reaction (incl. Left-wing framing of Trump-era foreign policy via the Cuba/Havana convoy coverage).",2026-03,Left-wing,novaramedia,twitter,A student abducted by US Immigration and Customs Enforcement (ICE) has been released after New York City mayor Zohran Mamdani brought up her case in a meeting with Donald Trump.  Elmina Aghayeva was detained at a Columbia University-owned residence early on Thursday morning.
event_us_politics_2026_03,"US politics, March 2026: Trump administration military strikes on Iran, domestic ICE/DHS security policy announcements, and related partisan reaction (incl. Left-wing framing of Trump-era foreign policy via the Cuba/Havana convoy coverage).",2026-03,Left-wing,BernieSanders,twitter,"Trump, Netanyahu and Putin: plunging the world into barbarism, oligarchy and authoritarianism."
event_us_politics_2026_03,"US politics, March 2026: Trump administration military strikes on Iran, domestic ICE/DHS security policy announcements, and related partisan reaction (incl. Left-wing framing of Trump-era foreign policy via the Cuba/Havana convoy coverage).",2026-03,Left-wing,BernieSanders,twitter,Trump’s authoritarianism. War in Iran. A corrupt campaign system owned by billionaires. Attacks on voting rights. And an AI revolution with no guardrails.  We are living in dangerous times.  Here's how we go forward.
event_us_politics_2026_03,"US politics, March 2026: Trump administration military strikes on Iran, domestic ICE/DHS security policy announcements, and related partisan reaction (incl. Left-wing framing of Trump-era foreign policy via the Cuba/Havana convoy coverage).",2026-03,Left-wing,BernieSanders,twitter,"One family, the right-wing Trump-aligned Ellisons, will soon control:  TikTok CBS CNN HBO Discovery Channel BET Cartoon Network Comedy Central DC Studios Fandango Miramax MTV Nickelodeon Paramount PlutoTV Showtime TBS The CW TNT Warner Bros. And more  This is oligarchy."
event_us_politics_2026_03,"US politics, March 2026: Trump administration military strikes on Iran, domestic ICE/DHS security policy announcements, and related partisan reaction (incl. Left-wing framing of Trump-era foreign policy via the Cuba/Havana convoy coverage).",2026-03,Left-wing,BernieSanders,twitter,"Are we entering another period of global barbarism?  Putin’s invasion of Ukraine - 500,000 dead.  Netanyahu’s war against the people of Gaza - 72,000 dead.  Trump’s war in Iran - thousands dead already."
event_us_politics_2026_03,"US politics, March 2026: Trump administration military strikes on Iran, domestic ICE/DHS security policy announcements, and related partisan reaction (incl. Left-wing framing of Trump-era foreign policy via the Cuba/Havana convoy coverage).",2026-03,Right-wing,BenShapiro,twitter,On the show today:  America's international allies join our cause… by writing a strongly worded letter;  the America-hating right and Left unite to undermine President Trump yet again;  and California is spending all of its money on hospice fraud and mountain lion bridges.
event_us_politics_2026_03,"US politics, March 2026: Trump administration military strikes on Iran, domestic ICE/DHS security policy announcements, and related partisan reaction (incl. Left-wing framing of Trump-era foreign policy via the Cuba/Havana convoy coverage).",2026-03,Right-wing,BenShapiro,twitter,On the show today:  Trump fires Department of Homeland Security Secretary Kristi Noem… and Tucker Carlson for good measure;  Gavin Newsom has now fully succumbed to left-wing brain rot;  and we bring you the latest on America kicking the hell out of the Iranian regime.  Watch
event_us_politics_2026_03,"US politics, March 2026: Trump administration military strikes on Iran, domestic ICE/DHS security policy announcements, and related partisan reaction (incl. Left-wing framing of Trump-era foreign policy via the Cuba/Havana convoy coverage).",2026-03,Right-wing,BenShapiro,twitter,"On the show today:  Cowards, liars and America-haters unite to try to undermine President Trump’s action against Iran;  we talk about whether the war is a ""distraction"" from domestic priorities;  and we bring you the state of play in the Middle East  Watch here:"
event_us_politics_2026_03,"US politics, March 2026: Trump administration military strikes on Iran, domestic ICE/DHS security policy announcements, and related partisan reaction (incl. Left-wing framing of Trump-era foreign policy via the Cuba/Havana convoy coverage).",2026-03,Right-wing,BenShapiro,twitter,"Trump orders U.S. strikes on Iranian military targets, world leaders react, and the Iranian people celebrate. Join live for a full recap of what unfolded, why it matters, and what will happen next.  x.com/i/broadcasts/1 …"
event_us_politics_2026_03,"US politics, March 2026: Trump administration military strikes on Iran, domestic ICE/DHS security policy announcements, and related partisan reaction (incl. Left-wing framing of Trump-era foreign policy via the Cuba/Havana convoy coverage).",2026-03,Right-wing,FoxNews,twitter,"'GREAT THING': Sen. John Fetterman opens up about being the lone Democrat to support the Trump administration's military strikes against Iran, pointing out that lawmakers in his party have said for years that the U.S. cannot allow Iran to acquire a nuclear bomb."
event_us_politics_2026_03,"US politics, March 2026: Trump administration military strikes on Iran, domestic ICE/DHS security policy announcements, and related partisan reaction (incl. Left-wing framing of Trump-era foreign policy via the Cuba/Havana convoy coverage).",2026-03,Right-wing,FoxNews,twitter,BREAKING: President Trump says he'll put I.C.E. agents at airports for security if Democrats don't sign DHS deal. @KayleighMcEnany
event_us_politics_2026_03,"US politics, March 2026: Trump administration military strikes on Iran, domestic ICE/DHS security policy announcements, and related partisan reaction (incl. Left-wing framing of Trump-era foreign policy via the Cuba/Havana convoy coverage).",2026-03,Right-wing,FoxNews,twitter,"‘ICE IN ACTION’: President Trump threatens to deploy ICE agents to airports if the left does not “immediately” agree to make airports “free and safe again,” as the ongoing DHS shutdown fuels travel disruptions nationwide and raises national security concerns."
event_us_politics_2026_03,"US politics, March 2026: Trump administration military strikes on Iran, domestic ICE/DHS security policy announcements, and related partisan reaction (incl. Left-wing framing of Trump-era foreign policy via the Cuba/Havana convoy coverage).",2026-03,Right-wing,FoxNews,twitter,"BREAKING NEWS: President Donald Trump threatened to deploy ICE to airports amid the DHS funding fight if Democrats don't immediately sign an agreement. Trump warned that ICE agents ""will do Security like no one has ever seen before,"" including the immediate arrest of all illegal"
event_us_politics_2026_03,"US politics, March 2026: Trump administration military strikes on Iran, domestic ICE/DHS security policy announcements, and related partisan reaction (incl. Left-wing framing of Trump-era foreign policy via the Cuba/Havana convoy coverage).",2026-03,Right-wing,FoxNews,twitter,MOMENTS AGO: President Trump steps off Air Force One after landing in Florida.
event_us_politics_2026_03,"US politics, March 2026: Trump administration military strikes on Iran, domestic ICE/DHS security policy announcements, and related partisan reaction (incl. Left-wing framing of Trump-era foreign policy via the Cuba/Havana convoy coverage).",2026-03,Right-wing,FoxNews,twitter,NEW: President Trump says the US is close to meeting its military objectives against Iran “as we consider winding down.”
event_us_politics_2026_03,"US politics, March 2026: Trump administration military strikes on Iran, domestic ICE/DHS security policy announcements, and related partisan reaction (incl. Left-wing framing of Trump-era foreign policy via the Cuba/Havana convoy coverage).",2026-03,Right-wing,FoxNews,twitter,"BREAKING: Trump calls NATO a ‘paper tiger,’ slams allies over Iran, oil prices"
event_us_politics_2026_03,"US politics, March 2026: Trump administration military strikes on Iran, domestic ICE/DHS security policy announcements, and related partisan reaction (incl. Left-wing framing of Trump-era foreign policy via the Cuba/Havana convoy coverage).",2026-03,Right-wing,FoxNews,twitter,"""We will REMEMBER!""  President Trump puts the whole world on notice over those who acted -- and those who didn't -- in Iran and calls countries “COWARDS” for refusing to help open the Strait of Hormuz."
event_us_politics_2026_03,"US politics, March 2026: Trump administration military strikes on Iran, domestic ICE/DHS security policy announcements, and related partisan reaction (incl. Left-wing framing of Trump-era foreign policy via the Cuba/Havana convoy coverage).",2026-03,Right-wing,FoxNews,twitter,"JAPANESE PM SANAE TAKAICHI draws laughs with birthday wish for Barron Trump:  ""Tomorrow is the birthday of your son, Mr. Barron Trump, and I know he has grown up so much into a very tall, good-looking gentleman.""  ""And when I see you, Donald, it is very clear where he got it — Of"
event_us_politics_2026_03,"US politics, March 2026: Trump administration military strikes on Iran, domestic ICE/DHS security policy announcements, and related partisan reaction (incl. Left-wing framing of Trump-era foreign policy via the Cuba/Havana convoy coverage).",2026-03,Right-wing,FoxNews,twitter,WATCH LIVE: President Trump hosts White House dinner with Japanese PM Takaichi
event_us_politics_2026_03,"US politics, March 2026: Trump administration military strikes on Iran, domestic ICE/DHS security policy announcements, and related partisan reaction (incl. Left-wing framing of Trump-era foreign policy via the Cuba/Havana convoy coverage).",2026-03,Right-wing,FoxNews,twitter,Watch live coverage of President Trump hosting a White House dinner with Japanese PM Takaichi on the Fox News app. Download here:  foxnews.onelink.me/xLDS/z2jymmyl
event_us_politics_2026_03,"US politics, March 2026: Trump administration military strikes on Iran, domestic ICE/DHS security policy announcements, and related partisan reaction (incl. Left-wing framing of Trump-era foreign policy via the Cuba/Havana convoy coverage).",2026-03,Right-wing,FoxNews,twitter,COMEY SUBPOENAED: Justice Department demands testimony from former FBI Director on 2017 Russia intel report as criminal investigation expands into potential false statements to Congress.
event_us_politics_2026_03,"US politics, March 2026: Trump administration military strikes on Iran, domestic ICE/DHS security policy announcements, and related partisan reaction (incl. Left-wing framing of Trump-era foreign policy via the Cuba/Havana convoy coverage).",2026-03,Right-wing,FoxNews,twitter,JUST IN: President Trump poses for a photo with Japanese Prime Minister Sanae Takaichi during a high-stakes Oval Office meeting.
event_us_politics_2026_03,"US politics, March 2026: Trump administration military strikes on Iran, domestic ICE/DHS security policy announcements, and related partisan reaction (incl. Left-wing framing of Trump-era foreign policy via the Cuba/Havana convoy coverage).",2026-03,Western,NATO,twitter,LIVE: Watch  @SecGenNATO  Mark Rutte's press point with  President  @NicusorDanRO
event_us_politics_2026_03,"US politics, March 2026: Trump administration military strikes on Iran, domestic ICE/DHS security policy announcements, and related partisan reaction (incl. Left-wing framing of Trump-era foreign policy via the Cuba/Havana convoy coverage).",2026-03,Western,POTUS,twitter,President Donald J. Trump and Japanese Prime Minister  @takaichi_sanae .
event_us_politics_2026_03,"US politics, March 2026: Trump administration military strikes on Iran, domestic ICE/DHS security policy announcements, and related partisan reaction (incl. Left-wing framing of Trump-era foreign policy via the Cuba/Havana convoy coverage).",2026-03,Western,POTUS,twitter,"President Trump Participates in a Bilateral Meeting, Mar. 19, 2026"
event_us_politics_2026_03,"US politics, March 2026: Trump administration military strikes on Iran, domestic ICE/DHS security policy announcements, and related partisan reaction (incl. Left-wing framing of Trump-era foreign policy via the Cuba/Havana convoy coverage).",2026-03,Western,POTUS,twitter,President Donald J. Trump Welcomes Japanese Prime Minister Sanae Takaichi to the White House.
event_us_politics_2026_03,"US politics, March 2026: Trump administration military strikes on Iran, domestic ICE/DHS security policy announcements, and related partisan reaction (incl. Left-wing framing of Trump-era foreign policy via the Cuba/Havana convoy coverage).",2026-03,Western,POTUS,twitter,"Democrats are hurting Americans—and they don't care.  Across the country, the reckless Democrat DHS shutdown is causing longer airport lines, missed paychecks, empty fridges, and worsening travel chaos EVERY DAY."
event_us_politics_2026_03,"US politics, March 2026: Trump administration military strikes on Iran, domestic ICE/DHS security policy announcements, and related partisan reaction (incl. Left-wing framing of Trump-era foreign policy via the Cuba/Havana convoy coverage).",2026-03,Western,POTUS,twitter,DEMOCRATS' DHS SHUTDOWN BY THE NUMBERS:
event_us_politics_2026_03,"US politics, March 2026: Trump administration military strikes on Iran, domestic ICE/DHS security policy announcements, and related partisan reaction (incl. Left-wing framing of Trump-era foreign policy via the Cuba/Havana convoy coverage).",2026-03,Western,NATO,twitter,. @SecGenNATO  visited North Macedonia  and met with President  @gogamkd  and Prime Minister Hristijan Mickoski.  He commended North Macedonia's increased defence investment and its contribution to the protection of the eastern part of the Alliance
event_us_politics_2026_03,"US politics, March 2026: Trump administration military strikes on Iran, domestic ICE/DHS security policy announcements, and related partisan reaction (incl. Left-wing framing of Trump-era foreign policy via the Cuba/Havana convoy coverage).",2026-03,Western,NATO,twitter,LIVE: Watch  @SecGenNATO  Mark Rutte's press conference with President Gordana Siljanovska Davkova  @gogamkd
event_us_politics_2026_03,"US politics, March 2026: Trump administration military strikes on Iran, domestic ICE/DHS security policy announcements, and related partisan reaction (incl. Left-wing framing of Trump-era foreign policy via the Cuba/Havana convoy coverage).",2026-03,Western,EU_Commission,twitter,"I talked with President  @christodulides  who briefed me on the single incident that occurred shortly after midnight involving an unmanned aerial vehicle targeting the British base in Akrotiri.  While the Republic of Cyprus was not the target, let me be clear: we stand"
event_israel_hezbollah_lebanon_2026_03,"Israel-Hezbollah-Lebanon escalation, March 2026: cross-border strikes framed by Zionist accounts as Iran-backed Hezbollah aggression, by Resistance accounts as legitimate defense/solidarity with Gaza and Yemen, and by Western accounts as a humanitarian/diplomatic aid issue (EU emergency aid to Lebanon).",2026-03,Zionist,AIPAC,twitter,". @USAmbUN  on Iran: ""The president is not messing around. He stands, unlike his predecessors, by his red lines, and he's not going to allow this genocidal regime to hold the world's energy supplies or economies hostage."""
event_israel_hezbollah_lebanon_2026_03,"Israel-Hezbollah-Lebanon escalation, March 2026: cross-border strikes framed by Zionist accounts as Iran-backed Hezbollah aggression, by Resistance accounts as legitimate defense/solidarity with Gaza and Yemen, and by Western accounts as a humanitarian/diplomatic aid issue (EU emergency aid to Lebanon).",2026-03,Zionist,AIPAC,twitter,"No college encampments when Assad gassed civilians,  or when Iran brutally massacred protestors,  or now, as Iran fires missiles at Israeli and Arab cities.  But Gaza?  Did they ever really care about civilian suffering or was it always just a vehicle to demonize Israel?"
event_israel_hezbollah_lebanon_2026_03,"Israel-Hezbollah-Lebanon escalation, March 2026: cross-border strikes framed by Zionist accounts as Iran-backed Hezbollah aggression, by Resistance accounts as legitimate defense/solidarity with Gaza and Yemen, and by Western accounts as a humanitarian/diplomatic aid issue (EU emergency aid to Lebanon).",2026-03,Zionist,AIPAC,twitter,"Don’t want to mention Hezbollah, Senator?  More convenient to just give a free pass to the Iranian-backed terror group that has killed hundreds of American troops, is indiscriminately firing missiles at civilians, and was supposed to be disarmed?"
event_israel_hezbollah_lebanon_2026_03,"Israel-Hezbollah-Lebanon escalation, March 2026: cross-border strikes framed by Zionist accounts as Iran-backed Hezbollah aggression, by Resistance accounts as legitimate defense/solidarity with Gaza and Yemen, and by Western accounts as a humanitarian/diplomatic aid issue (EU emergency aid to Lebanon).",2026-03,Zionist,AIPAC,twitter,"IDF Chief-of-Staff Eyal Zamir confirms Iran launched an ICBM toward Diego Garcia Base in the Indian Ocean:  Iran launched a two-stage intercontinental ballistic missile with a range of 4,000 kilometers (2,500 miles) towards an American target on the island of Diego Garcia.  These"
event_israel_hezbollah_lebanon_2026_03,"Israel-Hezbollah-Lebanon escalation, March 2026: cross-border strikes framed by Zionist accounts as Iran-backed Hezbollah aggression, by Resistance accounts as legitimate defense/solidarity with Gaza and Yemen, and by Western accounts as a humanitarian/diplomatic aid issue (EU emergency aid to Lebanon).",2026-03,Zionist,AIPAC,twitter,"The IDF showed how it eliminates Basij members in Tehran. ""Over the past few hours, the air force has been striking soldiers and positions of the Basij unit deployed throughout Tehran,"" reports the IDF spokesman."
event_israel_hezbollah_lebanon_2026_03,"Israel-Hezbollah-Lebanon escalation, March 2026: cross-border strikes framed by Zionist accounts as Iran-backed Hezbollah aggression, by Resistance accounts as legitimate defense/solidarity with Gaza and Yemen, and by Western accounts as a humanitarian/diplomatic aid issue (EU emergency aid to Lebanon).",2026-03,Zionist,AIPAC,twitter,"Notable statement from the Israeli military:   The IDF said that Hezbollah has ""expanded preparations... to launch rocket barrages"" against Israel in the coming hours. The IDF is actively working to disrupt them."
event_israel_hezbollah_lebanon_2026_03,"Israel-Hezbollah-Lebanon escalation, March 2026: cross-border strikes framed by Zionist accounts as Iran-backed Hezbollah aggression, by Resistance accounts as legitimate defense/solidarity with Gaza and Yemen, and by Western accounts as a humanitarian/diplomatic aid issue (EU emergency aid to Lebanon).",2026-03,Zionist,AIPAC,twitter,New details by  @jeremybob1 : Israel's number one target: new details on how the IDF assassinated Iran’s ‘de-facto leader’ Ali Larijani
event_israel_hezbollah_lebanon_2026_03,"Israel-Hezbollah-Lebanon escalation, March 2026: cross-border strikes framed by Zionist accounts as Iran-backed Hezbollah aggression, by Resistance accounts as legitimate defense/solidarity with Gaza and Yemen, and by Western accounts as a humanitarian/diplomatic aid issue (EU emergency aid to Lebanon).",2026-03,Zionist,AIPAC,twitter,Report by Iran International: Around 300 Basij members were killed last night in IDF strikes.
event_israel_hezbollah_lebanon_2026_03,"Israel-Hezbollah-Lebanon escalation, March 2026: cross-border strikes framed by Zionist accounts as Iran-backed Hezbollah aggression, by Resistance accounts as legitimate defense/solidarity with Gaza and Yemen, and by Western accounts as a humanitarian/diplomatic aid issue (EU emergency aid to Lebanon).",2026-03,Zionist,IDF,twitter,DISCOVERED: IDF soldiers found an anti-tank missile post and weapons while operating in southern Lebanon.
event_israel_hezbollah_lebanon_2026_03,"Israel-Hezbollah-Lebanon escalation, March 2026: cross-border strikes framed by Zionist accounts as Iran-backed Hezbollah aggression, by Resistance accounts as legitimate defense/solidarity with Gaza and Yemen, and by Western accounts as a humanitarian/diplomatic aid issue (EU emergency aid to Lebanon).",2026-03,Zionist,IDF,twitter,"ELIMINATED: Abu Khalil Barji, Commander of the Special Forces in Hezbollah’s Radwan Force, along with 2 other terrorists in the area of Majdal Selm in southern Lebanon.  Barji served for years as a commander in the Radwan Force and recently commanded its special forces, which"
event_israel_hezbollah_lebanon_2026_03,"Israel-Hezbollah-Lebanon escalation, March 2026: cross-border strikes framed by Zionist accounts as Iran-backed Hezbollah aggression, by Resistance accounts as legitimate defense/solidarity with Gaza and Yemen, and by Western accounts as a humanitarian/diplomatic aid issue (EU emergency aid to Lebanon).",2026-03,Zionist,IDF,twitter,"The Iranian terrorist regime launched a long-range missile for the first time since the start of Operation Roaring Lion that could reach a distance of ~4,000 km.  During Operation Rising Lion in June 2025, the IDF revealed that the Iranian regime has intentions to develop"
event_israel_hezbollah_lebanon_2026_03,"Israel-Hezbollah-Lebanon escalation, March 2026: cross-border strikes framed by Zionist accounts as Iran-backed Hezbollah aggression, by Resistance accounts as legitimate defense/solidarity with Gaza and Yemen, and by Western accounts as a humanitarian/diplomatic aid issue (EU emergency aid to Lebanon).",2026-03,Zionist,IDF,twitter,"As part of the forward defensive effort, IDF troops continue targeted ground operations in southern Lebanon against Hezbollah and have struck +2,000 terror targets struck:  ~120 Hezbollah command posts 100+ weapons storage facilities 130+ missile launchers 570+ Hezbollah"
event_israel_hezbollah_lebanon_2026_03,"Israel-Hezbollah-Lebanon escalation, March 2026: cross-border strikes framed by Zionist accounts as Iran-backed Hezbollah aggression, by Resistance accounts as legitimate defense/solidarity with Gaza and Yemen, and by Western accounts as a humanitarian/diplomatic aid issue (EU emergency aid to Lebanon).",2026-03,Zionist,IDF,twitter,"In response to yesterday’s events in which Druze civilians were attacked, the IDF struck a command center and weapons in military compounds belonging to the Syrian regime in southern Syria.   The IDF will not tolerate harm towards the Druze population in Syria and will continue"
event_israel_hezbollah_lebanon_2026_03,"Israel-Hezbollah-Lebanon escalation, March 2026: cross-border strikes framed by Zionist accounts as Iran-backed Hezbollah aggression, by Resistance accounts as legitimate defense/solidarity with Gaza and Yemen, and by Western accounts as a humanitarian/diplomatic aid issue (EU emergency aid to Lebanon).",2026-03,Zionist,IDF,twitter,"Since Hezbollah decided to support the Iranian regime and attack Israel on March 2nd, they have fired ~700 rockets, missiles and UAVs toward Israel from areas south of the Litani River.  Those same areas south of the Litani were supposed to be cleared of Hezbollah’s terror by the"
event_israel_hezbollah_lebanon_2026_03,"Israel-Hezbollah-Lebanon escalation, March 2026: cross-border strikes framed by Zionist accounts as Iran-backed Hezbollah aggression, by Resistance accounts as legitimate defense/solidarity with Gaza and Yemen, and by Western accounts as a humanitarian/diplomatic aid issue (EU emergency aid to Lebanon).",2026-03,Zionist,IDF,twitter,"The IDF has targeted Litani River crossings that Hezbollah used for both terrorist movement and to transfer thousands of weapons, including rockets and rocket launchers, intended to be used against IDF troops and Israeli civilians in terrorist attacks.   Prior to the strikes,"
event_israel_hezbollah_lebanon_2026_03,"Israel-Hezbollah-Lebanon escalation, March 2026: cross-border strikes framed by Zionist accounts as Iran-backed Hezbollah aggression, by Resistance accounts as legitimate defense/solidarity with Gaza and Yemen, and by Western accounts as a humanitarian/diplomatic aid issue (EU emergency aid to Lebanon).",2026-03,Zionist,IDF,twitter,"“We are continuing to concentrate forces and conduct precise and targeted ground operations. Cooperation between the IDF and  @centcom  continues to strengthen, with joint actions contributing to enhanced operational achievements. We will continue to act decisively to remove"
event_israel_hezbollah_lebanon_2026_03,"Israel-Hezbollah-Lebanon escalation, March 2026: cross-border strikes framed by Zionist accounts as Iran-backed Hezbollah aggression, by Resistance accounts as legitimate defense/solidarity with Gaza and Yemen, and by Western accounts as a humanitarian/diplomatic aid issue (EU emergency aid to Lebanon).",2026-03,Zionist,Israel,twitter,"Hezbollah, acting on behalf of the Iranian regime, is once again turning Lebanon into a launchpad for attacks on Israel.  Millions of Israeli civilians are under fire.  Israel will not accept a terror army on its border."
event_israel_hezbollah_lebanon_2026_03,"Israel-Hezbollah-Lebanon escalation, March 2026: cross-border strikes framed by Zionist accounts as Iran-backed Hezbollah aggression, by Resistance accounts as legitimate defense/solidarity with Gaza and Yemen, and by Western accounts as a humanitarian/diplomatic aid issue (EU emergency aid to Lebanon).",2026-03,Zionist,Israel,twitter,The Iranian regime. Terror at home. Terror abroad. Taking civilians hostage. Killing civilians everywhere. They’d kill you given half a chance.
event_israel_hezbollah_lebanon_2026_03,"Israel-Hezbollah-Lebanon escalation, March 2026: cross-border strikes framed by Zionist accounts as Iran-backed Hezbollah aggression, by Resistance accounts as legitimate defense/solidarity with Gaza and Yemen, and by Western accounts as a humanitarian/diplomatic aid issue (EU emergency aid to Lebanon).",2026-03,Zionist,StandWithUs,twitter,BREAKING: Ofer Moskovitz has been identified as the person murdered in the Hezbollah rocket attack in northern Israel. May his memory forever be a blessing.
event_israel_hezbollah_lebanon_2026_03,"Israel-Hezbollah-Lebanon escalation, March 2026: cross-border strikes framed by Zionist accounts as Iran-backed Hezbollah aggression, by Resistance accounts as legitimate defense/solidarity with Gaza and Yemen, and by Western accounts as a humanitarian/diplomatic aid issue (EU emergency aid to Lebanon).",2026-03,Zionist,StandWithUs,twitter,"BREAKING VIDEO: Moments after a Hezbollah anti-tank missile attack on the northern border community of Misgav Am, murdering 1 person.   The Magen David Adom ambulance service said two vehicles caught fire, and the man was pulled from one of them. The deadly attack continues the"
event_israel_hezbollah_lebanon_2026_03,"Israel-Hezbollah-Lebanon escalation, March 2026: cross-border strikes framed by Zionist accounts as Iran-backed Hezbollah aggression, by Resistance accounts as legitimate defense/solidarity with Gaza and Yemen, and by Western accounts as a humanitarian/diplomatic aid issue (EU emergency aid to Lebanon).",2026-03,Resistance,PressTV,twitter,Hezbollah released footage of targeting Israeli Hermes drone.  Follow:  t.me/presstv
event_israel_hezbollah_lebanon_2026_03,"Israel-Hezbollah-Lebanon escalation, March 2026: cross-border strikes framed by Zionist accounts as Iran-backed Hezbollah aggression, by Resistance accounts as legitimate defense/solidarity with Gaza and Yemen, and by Western accounts as a humanitarian/diplomatic aid issue (EU emergency aid to Lebanon).",2026-03,Resistance,PressTV,twitter,Preliminary reports indicate that Hezbollah resistance fighters have successfully targeted Israeli tanks with a guided missiles in the southern Lebanese town of Khiam.  Follow Press TV on Telegram:  t.me/PressTV
event_israel_hezbollah_lebanon_2026_03,"Israel-Hezbollah-Lebanon escalation, March 2026: cross-border strikes framed by Zionist accounts as Iran-backed Hezbollah aggression, by Resistance accounts as legitimate defense/solidarity with Gaza and Yemen, and by Western accounts as a humanitarian/diplomatic aid issue (EU emergency aid to Lebanon).",2026-03,Resistance,PressTV,twitter,Iraqi resistance group vows harsh strikes on Syria’s HTS positions if it hits Hezbollah
event_israel_hezbollah_lebanon_2026_03,"Israel-Hezbollah-Lebanon escalation, March 2026: cross-border strikes framed by Zionist accounts as Iran-backed Hezbollah aggression, by Resistance accounts as legitimate defense/solidarity with Gaza and Yemen, and by Western accounts as a humanitarian/diplomatic aid issue (EU emergency aid to Lebanon).",2026-03,Resistance,PressTV,twitter,"Footages of the aftermath of Israeli airstrike in southern suburb of Beirut, Lebanon  Follow  t.me/presstv"
event_israel_hezbollah_lebanon_2026_03,"Israel-Hezbollah-Lebanon escalation, March 2026: cross-border strikes framed by Zionist accounts as Iran-backed Hezbollah aggression, by Resistance accounts as legitimate defense/solidarity with Gaza and Yemen, and by Western accounts as a humanitarian/diplomatic aid issue (EU emergency aid to Lebanon).",2026-03,Resistance,PressTV,twitter,"Israeli forces launch an airstrike on Kfartabnit, southern Lebanon.  Follow:  T.me/presstv"
event_israel_hezbollah_lebanon_2026_03,"Israel-Hezbollah-Lebanon escalation, March 2026: cross-border strikes framed by Zionist accounts as Iran-backed Hezbollah aggression, by Resistance accounts as legitimate defense/solidarity with Gaza and Yemen, and by Western accounts as a humanitarian/diplomatic aid issue (EU emergency aid to Lebanon).",2026-03,Resistance,PressTV,twitter,Eid al-Fitr prayers were held in Saraya Square in Gaza City for the first time after two years of Israeli genocide.  Follow:  T.me/presstv
event_israel_hezbollah_lebanon_2026_03,"Israel-Hezbollah-Lebanon escalation, March 2026: cross-border strikes framed by Zionist accounts as Iran-backed Hezbollah aggression, by Resistance accounts as legitimate defense/solidarity with Gaza and Yemen, and by Western accounts as a humanitarian/diplomatic aid issue (EU emergency aid to Lebanon).",2026-03,Resistance,PressTV,twitter,Iranians honor Gaza’s Hind Rajab by placing her name on a Shahed drone   Hind Rajab and six of her family members were killed when Israeli forces opened fire on their car in Gaza in 2024.  Follow:  T.me/presstv
event_israel_hezbollah_lebanon_2026_03,"Israel-Hezbollah-Lebanon escalation, March 2026: cross-border strikes framed by Zionist accounts as Iran-backed Hezbollah aggression, by Resistance accounts as legitimate defense/solidarity with Gaza and Yemen, and by Western accounts as a humanitarian/diplomatic aid issue (EU emergency aid to Lebanon).",2026-03,Resistance,QudsNen,twitter,"""Palestine has never been the cause of one people alone; it has always been and will remain the cause of dignity, justice, and the rights of all Muslims""  IRGC’s Khatam al-Anbiya spokesperson addressed Muslims in the region and the people of Palestine, especially Gaza, affirming"
event_israel_hezbollah_lebanon_2026_03,"Israel-Hezbollah-Lebanon escalation, March 2026: cross-border strikes framed by Zionist accounts as Iran-backed Hezbollah aggression, by Resistance accounts as legitimate defense/solidarity with Gaza and Yemen, and by Western accounts as a humanitarian/diplomatic aid issue (EU emergency aid to Lebanon).",2026-03,Resistance,QudsNen,twitter,Breaking | Israeli media reports 48 soldiers injured during ground clashes with Hezbollah.
event_israel_hezbollah_lebanon_2026_03,"Israel-Hezbollah-Lebanon escalation, March 2026: cross-border strikes framed by Zionist accounts as Iran-backed Hezbollah aggression, by Resistance accounts as legitimate defense/solidarity with Gaza and Yemen, and by Western accounts as a humanitarian/diplomatic aid issue (EU emergency aid to Lebanon).",2026-03,Resistance,QudsNen,twitter,Breaking | Fire erupts in a residential apartment on Al-Yarmouk street of Gaza City following the Israeli airstrike
event_israel_hezbollah_lebanon_2026_03,"Israel-Hezbollah-Lebanon escalation, March 2026: cross-border strikes framed by Zionist accounts as Iran-backed Hezbollah aggression, by Resistance accounts as legitimate defense/solidarity with Gaza and Yemen, and by Western accounts as a humanitarian/diplomatic aid issue (EU emergency aid to Lebanon).",2026-03,Resistance,QudsNen,twitter,"Breaking | Three Palestinians were reported injured, as an initial toll, following the Israeli airstrike on a residential apartment in Gaza City"
event_israel_hezbollah_lebanon_2026_03,"Israel-Hezbollah-Lebanon escalation, March 2026: cross-border strikes framed by Zionist accounts as Iran-backed Hezbollah aggression, by Resistance accounts as legitimate defense/solidarity with Gaza and Yemen, and by Western accounts as a humanitarian/diplomatic aid issue (EU emergency aid to Lebanon).",2026-03,Resistance,QudsNen,twitter,Breaking | An Israeli airstrike hit a residential apartment in Al-Yarmouk street of Gaza City
event_israel_hezbollah_lebanon_2026_03,"Israel-Hezbollah-Lebanon escalation, March 2026: cross-border strikes framed by Zionist accounts as Iran-backed Hezbollah aggression, by Resistance accounts as legitimate defense/solidarity with Gaza and Yemen, and by Western accounts as a humanitarian/diplomatic aid issue (EU emergency aid to Lebanon).",2026-03,Resistance,QudsNen,twitter,Breaking | Israeli occupation naval boats open fire towards Palestinian fishermen off Gaza coast.
event_israel_hezbollah_lebanon_2026_03,"Israel-Hezbollah-Lebanon escalation, March 2026: cross-border strikes framed by Zionist accounts as Iran-backed Hezbollah aggression, by Resistance accounts as legitimate defense/solidarity with Gaza and Yemen, and by Western accounts as a humanitarian/diplomatic aid issue (EU emergency aid to Lebanon).",2026-03,Resistance,QudsNen,twitter,"Watch | Massive destruction reported in Al-Qasmiyeh bridge in southern Lebanon following the Israeli attacks.  The Qasmiyeh Bridge is considered one of the most vital strategic crossings in south Lebanon, widely known as the “artery of the South” due to its central role in"
event_israel_hezbollah_lebanon_2026_03,"Israel-Hezbollah-Lebanon escalation, March 2026: cross-border strikes framed by Zionist accounts as Iran-backed Hezbollah aggression, by Resistance accounts as legitimate defense/solidarity with Gaza and Yemen, and by Western accounts as a humanitarian/diplomatic aid issue (EU emergency aid to Lebanon).",2026-03,Resistance,QudsNen,twitter,Breaking | Israeli occupation forces destroy the Qasmiyeh Bridge over the Litani River in southern Lebanon.
event_israel_hezbollah_lebanon_2026_03,"Israel-Hezbollah-Lebanon escalation, March 2026: cross-border strikes framed by Zionist accounts as Iran-backed Hezbollah aggression, by Resistance accounts as legitimate defense/solidarity with Gaza and Yemen, and by Western accounts as a humanitarian/diplomatic aid issue (EU emergency aid to Lebanon).",2026-03,Resistance,QudsNen,twitter,Breaking | Israeli fighter jets launch a series of airstrikes targeting multiple towns and areas in the Nabatieh district of southern Lebanon.
event_israel_hezbollah_lebanon_2026_03,"Israel-Hezbollah-Lebanon escalation, March 2026: cross-border strikes framed by Zionist accounts as Iran-backed Hezbollah aggression, by Resistance accounts as legitimate defense/solidarity with Gaza and Yemen, and by Western accounts as a humanitarian/diplomatic aid issue (EU emergency aid to Lebanon).",2026-03,Resistance,khamenei_ir,twitter,"Courageous, faithful #Yemen hasn’t stopped defending the oppressed people of Gaza. Despite all obstacles, self-sacrificing #Hezbollah has come to the aid of the Islamic Republic, and the Resistance in #Iraq has courageously followed the same path."
event_israel_hezbollah_lebanon_2026_03,"Israel-Hezbollah-Lebanon escalation, March 2026: cross-border strikes framed by Zionist accounts as Iran-backed Hezbollah aggression, by Resistance accounts as legitimate defense/solidarity with Gaza and Yemen, and by Western accounts as a humanitarian/diplomatic aid issue (EU emergency aid to Lebanon).",2026-03,Western,EU_Commission,twitter,"The EU has mobilised emergency aid for Lebanon.  It includes food and medical kits, shelter materials, and winter clothing kits to meet the urgent and rising humanitarian needs in the country.  Read more:  link.europa.eu/KxTrT3"
