author,narrative,variant,recall_true_narrative,macro_f1
abualiexpress,Zionist,original,0.24,0.05529953917050691
abualiexpress,Zionist,normalized,0.23,0.053426248548199766
BringThemHomeNow,Zionist,original,0.62,0.10934744268077601
BringThemHomeNow,Zionist,normalized,0.325,0.07008086253369272
AlJazeeraEnglish,Resistance,original,0.275,0.06162464985994398
AlJazeeraEnglish,Resistance,normalized,0.19,0.04561824729891956
PressTV,Resistance,original,0.57,0.10373066424021837
PressTV,Resistance,normalized,0.5525,0.10167931907062343
NATO,Western,original,0.2583732057416268,0.06844106463878327
NATO,Western,normalized,0.23444976076555024,0.06330749354005168
Bloomberg,Western,original,0.055,0.014895057549085985
Bloomberg,Western,normalized,0.045,0.012303485987696514
KremlinRussia_E,Russian,original,0.5,0.09523809523809523
KremlinRussia_E,Russian,normalized,0.335,0.07169609416800428
Slavyangrad,Russian,original,0.22,0.05152224824355972
Slavyangrad,Russian,normalized,0.11,0.028314028314028315
Babel,Ukrainian,original,0.59,0.10601976639712488
Babel,Ukrainian,normalized,0.58,0.10488245931283906
United24Media,Ukrainian,original,0.77,0.12429378531073446
United24Media,Ukrainian,normalized,0.66,0.11359724612736662
ThePostMillennial,Right-wing,original,0.64,0.1951219512195122
ThePostMillennial,Right-wing,normalized,0.6,0.125
TheEpochTimes,Right-wing,original,0.505,0.09587090650213573
TheEpochTimes,Right-wing,normalized,0.49,0.09395973154362416
@MiddleEastEye_TG,Left-wing,original,0.03,0.008321775312066574
@MiddleEastEye_TG,Left-wing,normalized,0.035,0.00966183574879227
ViceNews,Left-wing,original,0.18,0.04358353510895884
ViceNews,Left-wing,normalized,0.17,0.04151404151404152
