group,val_recall,n_val
Zionist||AIPAC,0.2727272727272727,22
Zionist||BringThemHomeNow,0.84375,32
Zionist||IDF,0.8,35
Zionist||Israel,0.5,28
Zionist||OpenSourceIntel,0.7954545454545454,44
Zionist||StandWithUs,0.6428571428571429,28
Zionist||TheJerusalemPost,0.3103448275862069,29
Zionist||abualiexpress,0.25,32
Zionist||southfirstresponders,0.6551724137931034,29
Resistance||AlJazeeraEnglish,0.7666666666666667,30
Resistance||AlMayadeenEnglish,0.8,30
Resistance||PressTV,0.8405797101449275,69
Resistance||QudsNen,0.7272727272727273,44
Resistance||TasnimNewsEN,0.6521739130434783,23
Resistance||khamenei_ir,0.6486486486486487,37
Western||Bloomberg,0.5517241379310345,29
Western||EU_Commission,0.6666666666666666,18
Western||NATO,0.6285714285714286,35
Western||WashingtonPost,0.4864864864864865,37
Western||euronews_eng,0.6578947368421053,38
Russian||DDGeopolitics,0.7777777777777778,27
Russian||IntelSlavaZ,0.7428571428571429,35
Russian||KremlinRussia_E,0.7931034482758621,29
Russian||Readovka,0.8571428571428571,21
Russian||RussiaUN,0.4166666666666667,12
Russian||Rybar,0.64,25
Russian||Slavyangrad,0.25,32
Russian||mfa_russia,0.5555555555555556,27
Russian||mod_russia_en,0.9090909090909091,33
Ukrainian||Babel,0.4482758620689655,29
Ukrainian||DefenceU,0.7692307692307693,26
Ukrainian||KyivIndependent,0.5806451612903226,31
Ukrainian||SuspilneNews,0.71875,32
Ukrainian||Ukraine,0.75,28
Ukrainian||UkraineNow,0.6666666666666666,27
Ukrainian||United24Media,0.7586206896551724,29
Ukrainian||ZelenskyyUa,0.5862068965517241,29
Right-wing||@KoheletForum,0.4838709677419355,31
Right-wing||BenShapiro,0.3076923076923077,13
Right-wing||CharlieKirk,0.7142857142857143,28
Right-wing||FoxNews,0.7272727272727273,33
Right-wing||Newsmax,0.7,30
Right-wing||TheEpochTimes,0.7741935483870968,31
Right-wing||ThePostMillennial,0.5789473684210527,19
Right-wing||WesternJournal,0.6666666666666666,27
Left-wing||@MiddleEastEye_TG,0.6129032258064516,31
Left-wing||BernieSanders,0.5151515151515151,33
Left-wing||TheIntercept,0.36666666666666664,30
Left-wing||ViceNews,0.41379310344827586,29
Left-wing||novaramedia,0.7586206896551724,29
RARE_VAL_ONLY,0.7542918454935622,932
