narrative_name,account,total_texts,strongly_aligned,potentially_neutral,potentially_mismatched,non_aligned_fraction,flagged_unstable
Left-wing,ViceNews,200,0,186,14,1.0,True
Resistance,MayadeenEnglish,5,0,5,0,1.0,True
Right-wing,OneAmericaNews,5,0,5,0,1.0,True
Right-wing,TheEpochTimes,200,0,197,3,1.0,True
Russian,Readovka,200,0,196,4,1.0,True
Russian,SputnikInt,5,0,4,1,1.0,True
Ukrainian,UkraineWorld,21,0,20,1,1.0,True
Ukrainian,United24media,5,0,5,0,1.0,True
Ukrainian,ukraine_inc,14,0,14,0,1.0,True
Western,POTUS,11,0,11,0,1.0,True
Western,spectatorindex,19,0,19,0,1.0,True
Zionist,OpenSourceIntel,200,0,195,5,1.0,True
Right-wing,@KoheletForum,200,1,151,48,0.995,True
Right-wing,Newsmax,200,1,184,15,0.995,True
Russian,DDGeopolitics,200,1,175,24,0.995,True
Ukrainian,DefenceU,193,1,173,19,0.995,True
Western,Bloomberg,200,1,189,10,0.995,True
Right-wing,WesternJournal,200,2,187,11,0.99,True
Russian,KremlinRussia_E,200,2,196,2,0.99,True
Russian,Slavyangrad,200,2,176,22,0.99,True
Ukrainian,KyivIndependent,200,2,183,15,0.99,True
Ukrainian,SuspilneNews,200,3,181,16,0.985,True
Left-wing,novaramedia,200,4,174,22,0.98,True
Resistance,AlJazeeraEnglish,200,4,191,5,0.98,True
Right-wing,CharlieKirk,200,4,191,5,0.98,True
Right-wing,ThePostMillennial,200,5,186,9,0.975,True
Left-wing,TheIntercept,200,6,185,9,0.97,True
Russian,IntelSlavaZ,200,7,190,3,0.965,True
Russian,MariaZakharova,200,7,128,65,0.965,True
Ukrainian,ZelenskyyUa,200,7,157,36,0.965,True
Zionist,TheJerusalemPost,200,7,156,37,0.965,True
Right-wing,FoxNews,200,9,186,5,0.955,True
Ukrainian,UkraineNow,200,9,159,32,0.955,True
Ukrainian,United24Media,200,10,160,30,0.95,True
Western,EU_Commission,141,7,127,7,0.95,True
Ukrainian,Ukraine,200,11,179,10,0.945,True
Russian,RussiaUN,68,4,53,11,0.941,True
Russian,mfa_russia,200,12,160,28,0.94,True
Ukrainian,Babel,200,12,163,25,0.94,True
Western,euronews_eng,200,12,164,24,0.94,True
Western,WashingtonPost,200,13,163,24,0.935,True
Left-wing,@MiddleEastEye_TG,200,15,151,34,0.925,True
Right-wing,BenShapiro,118,9,95,14,0.924,True
Russian,Rybar,200,16,138,46,0.92,True
Zionist,abualiexpress,200,18,174,8,0.91,True
Right-wing,BreitbartNews,8,1,7,0,0.875,True
Zionist,Israel,202,29,166,7,0.856,True
Zionist,AIPAC,124,18,95,11,0.855,True
Western,NATO,209,37,168,4,0.823,True
Resistance,khamenei_ir,200,38,161,1,0.81,True
Russian,mod_russia_en,200,40,135,25,0.8,True
Western,GermanyDiplo,5,1,4,0,0.8,True
Resistance,PressTV,400,102,283,15,0.745,True
Resistance,TasnimNewsEN,200,53,142,5,0.735,True
Left-wing,BernieSanders,200,68,125,7,0.66,True
Zionist,BringThemHomeNow,200,69,120,11,0.655,True
Resistance,QudsNen,304,108,178,18,0.645,True
Western,StateDept,5,2,3,0,0.6,True
Resistance,AlMayadeenEnglish,200,93,99,8,0.535,True
Left-wing,DemocracyDocket,2,0,2,0,1.0,False
Left-wing,thenation,4,0,3,1,1.0,False
Resistance,IrnaEnglish,4,0,4,0,1.0,False
Resistance,Palestine_Chronicle,1,0,1,0,1.0,False
Resistance,ResistanceNewsNetwork,2,0,2,0,1.0,False
Resistance,TehranTimes79,4,0,4,0,1.0,False
Right-wing,dailywire,2,0,2,0,1.0,False
Russian,RT_com,4,0,4,0,1.0,False
Russian,geopolitics_live,1,0,1,0,1.0,False
Russian,tassagency_en,4,0,2,2,1.0,False
Ukrainian,MFA_Ukraine,3,0,1,2,1.0,False
Zionist,HananyaNaftali,4,0,4,0,1.0,False
Zionist,IsraelMFA,4,0,4,0,1.0,False
Left-wing,democracynow,4,1,3,0,0.75,False
Right-wing,Heritage,4,1,2,1,0.75,False
Zionist,AJCGlobal,4,1,2,1,0.75,False
Zionist,JNS_org,4,1,3,0,0.75,False
Left-wing,jacobin,3,1,1,1,0.667,False
Right-wing,TPUSA,3,1,2,0,0.667,False
Ukrainian,GeneralStaffUA,3,1,2,0,0.667,False
Zionist,IDF,200,111,89,0,0.445,False
Zionist,StandWithUs,200,112,83,5,0.44,False
Zionist,southfirstresponders,200,131,64,5,0.345,False
Western,FCDOGovUK,4,4,0,0,0.0,False
