feature,importance
hashtag_count,0.15554538333992435
word_count,0.14259109463501476
mention_count,0.13739101122139222
unique_token_count,0.11085918031262823
soft_topic_entropy,0.09178505877125669
sbert_pca_3,0.08771905662444911
sbert_pca_4,0.07571344703213384
soft_topic_max_prob,0.07215121131621599
type_token_ratio,0.037042698740172596
text_length,0.029810837220618423
sentence_count,0.022406591827783377
sbert_pca_1,0.021524034904463963
entity_count_ORG,0.010746410477220386
sbert_pca_5,0.0025774060658771145
avg_word_length,0.0016519291639343916
stopword_rate,0.0004846483469145787
punctuation_rate,0.0
avg_sentence_length,0.0
question_rate,0.0
uppercase_ratio,0.0
url_count,0.0
exclamation_rate,0.0
entity_count_PER,0.0
entity_count_total,0.0
entity_count_MISC,0.0
entity_count_LOC,0.0
entity_density,0.0
sbert_pca_2,0.0
