true_author,@KoheletForum,@MiddleEastEye_TG,AIPAC,AlJazeeraEnglish,AlMayadeenEnglish,Babel,BenShapiro,BernieSanders,Bloomberg,BringThemHomeNow,CharlieKirk,DDGeopolitics,DefenceU,EU_Commission,FoxNews,IDF,IntelSlavaZ,Israel,KremlinRussia_E,KyivIndependent,MariaZakharova,NATO,Newsmax,OpenSourceIntel,PressTV,QudsNen,Readovka,Rybar,Slavyangrad,StandWithUs,SuspilneNews,TasnimNewsEN,TheEpochTimes,TheIntercept,TheJerusalemPost,ThePostMillennial,Ukraine,UkraineNow,United24Media,ViceNews,WashingtonPost,WesternJournal,ZelenskyyUa,abualiexpress,euronews_eng,khamenei_ir,mfa_russia,mod_russia_en,novaramedia,southfirstresponders
@KoheletForum,91,24,0,0,4,1,1,3,3,9,8,0,0,3,0,0,0,7,0,1,0,0,5,5,0,0,0,3,0,1,0,0,5,4,0,1,1,0,0,7,0,2,0,1,7,3,0,0,0,0
@MiddleEastEye_TG,14,76,1,0,34,0,1,0,3,1,3,0,0,0,0,0,0,1,0,0,0,0,1,7,1,1,0,0,0,0,0,0,2,0,4,0,0,0,1,1,0,2,0,11,16,5,0,0,1,13
AIPAC,0,0,11,4,4,0,7,2,0,3,4,2,0,0,3,9,2,10,2,0,0,1,0,1,6,2,2,0,4,9,1,5,0,0,2,0,1,0,0,0,0,0,0,7,0,10,0,0,7,3
AlJazeeraEnglish,0,0,0,166,0,0,0,0,0,0,0,7,2,0,0,0,0,0,0,0,0,0,0,0,4,0,0,0,5,0,0,16,0,0,0,0,0,0,0,0,0,0,0,0,0,0,0,0,0,0
AlMayadeenEnglish,6,34,6,0,64,0,0,0,3,1,1,0,0,0,0,7,0,0,1,1,0,0,1,6,3,21,0,4,0,4,0,0,0,0,3,0,0,0,2,0,1,3,1,17,2,2,0,2,0,4
Babel,0,0,1,0,0,131,0,4,0,0,0,15,2,0,0,0,0,0,0,1,1,0,0,0,1,0,0,12,16,0,2,6,0,0,0,0,1,0,0,0,0,0,4,0,0,0,2,0,1,0
BenShapiro,0,0,9,1,0,0,23,15,0,5,5,1,2,1,7,8,1,3,5,0,1,0,1,1,1,0,0,0,0,1,0,2,0,0,1,0,2,0,0,0,0,0,0,1,0,6,0,0,14,1
BernieSanders,1,0,5,0,0,3,26,77,0,2,10,9,3,15,8,1,0,4,3,0,2,0,2,2,1,0,1,0,0,4,1,2,0,0,0,0,0,0,0,0,0,0,0,1,0,5,0,0,12,0
Bloomberg,2,1,0,0,0,0,0,0,90,4,0,0,0,0,0,0,0,0,0,4,0,0,48,0,0,0,0,0,0,0,0,0,2,0,0,2,0,0,0,9,0,22,0,0,16,0,0,0,0,0
BringThemHomeNow,9,3,0,0,0,1,3,0,1,137,0,0,0,0,0,0,0,0,0,0,0,0,4,3,0,0,0,5,0,0,0,0,1,9,0,4,0,0,0,9,0,9,0,0,2,0,0,0,0,0
CharlieKirk,8,5,2,0,1,1,24,14,2,0,31,0,1,1,23,0,2,1,3,1,0,0,2,18,1,0,7,1,1,0,2,1,10,1,0,0,1,0,0,0,1,1,0,2,4,9,0,1,16,1
DDGeopolitics,0,3,0,13,0,18,1,6,0,0,0,92,4,1,1,1,1,3,1,0,0,1,0,0,9,1,3,5,12,1,1,10,0,1,0,0,1,0,0,0,0,1,2,2,0,1,1,3,0,0
DefenceU,0,0,2,7,0,0,1,0,0,0,0,3,59,8,0,2,10,5,9,6,0,19,0,0,0,1,1,0,4,0,12,0,0,0,1,0,12,0,1,0,0,0,6,0,0,2,2,17,2,1
EU_Commission,0,0,2,0,0,0,1,9,0,0,1,0,6,48,0,1,0,9,7,2,0,16,0,0,1,0,1,0,1,1,0,1,0,0,1,0,3,0,0,0,0,0,17,1,0,5,1,2,4,0
FoxNews,0,0,3,2,3,0,13,13,0,2,7,2,4,3,80,3,0,2,9,1,0,0,0,6,4,2,4,0,1,2,1,3,0,0,4,0,0,0,1,0,0,0,0,2,0,3,1,1,13,5
IDF,0,0,11,0,9,0,0,2,0,0,1,0,5,0,0,89,1,1,4,3,0,1,0,1,6,8,1,0,0,22,0,0,0,0,4,0,2,0,0,0,0,0,1,9,0,10,2,1,0,6
IntelSlavaZ,2,0,0,0,0,0,0,1,0,0,3,1,3,2,0,1,77,0,14,10,0,2,0,3,0,0,19,1,0,0,14,0,0,0,0,0,19,0,17,0,1,0,3,0,0,1,0,5,0,1
Israel,3,0,14,2,0,1,6,9,0,4,4,3,3,6,1,3,0,60,4,0,1,1,1,2,6,0,3,0,0,19,0,6,0,0,3,0,2,0,0,0,0,0,0,4,0,21,1,0,8,1
KremlinRussia_E,0,0,0,2,0,0,11,4,0,0,1,4,2,3,5,0,8,0,121,0,0,1,1,0,1,0,12,0,2,1,0,1,0,0,1,0,9,0,0,0,0,0,0,0,0,2,1,3,4,0
KyivIndependent,0,0,0,0,0,0,0,0,5,0,0,0,12,3,0,0,7,0,1,105,0,5,3,7,1,0,0,0,1,0,4,0,1,2,0,1,7,0,2,6,0,3,9,0,4,0,4,4,3,0
MariaZakharova,0,0,0,7,0,1,0,3,0,0,0,2,0,0,0,0,1,0,8,0,152,0,0,0,0,0,0,1,0,0,0,3,1,0,0,0,1,0,1,0,0,0,0,0,0,0,17,1,1,0
NATO,1,0,2,3,0,0,1,1,0,0,1,6,19,18,0,1,4,2,8,2,4,100,0,1,0,0,3,0,1,0,0,0,0,0,0,0,6,2,0,0,0,0,5,2,0,0,8,8,0,0
Newsmax,8,0,0,0,0,0,3,0,52,0,4,0,0,0,8,0,0,0,2,8,0,1,62,0,0,0,0,0,0,0,0,0,4,1,0,0,0,0,0,18,0,24,0,0,4,1,0,0,0,0
OpenSourceIntel,4,5,0,0,0,0,4,6,4,1,14,0,1,1,9,0,0,3,1,0,0,0,9,81,0,0,4,0,0,0,0,0,14,20,0,1,0,0,0,1,0,3,0,0,11,1,0,0,2,0
PressTV,0,0,27,22,3,3,5,5,0,0,0,14,5,0,2,11,3,6,4,2,1,0,0,0,114,9,2,2,15,15,1,56,0,0,27,0,0,0,2,0,0,0,1,15,0,7,1,6,9,5
QudsNen,1,11,10,0,15,0,4,2,3,0,5,0,3,1,6,11,1,4,1,0,0,0,2,1,10,151,0,0,0,15,0,0,0,0,12,0,1,0,0,2,0,1,0,10,0,3,1,0,3,14
Readovka,0,0,1,0,0,0,2,4,0,0,7,2,1,5,2,0,3,4,6,0,0,0,0,2,0,1,140,0,0,0,7,0,0,0,0,0,3,0,2,0,0,0,0,3,0,0,0,0,2,3
Rybar,2,2,0,0,0,11,0,0,0,2,1,7,0,0,0,0,0,0,0,0,0,0,0,0,0,0,0,157,0,0,0,3,0,0,0,0,0,1,2,0,5,0,0,0,0,0,0,7,0,0
Slavyangrad,0,1,2,13,3,26,1,4,0,0,2,10,6,0,0,1,3,4,5,1,0,0,0,1,14,1,3,7,31,0,4,22,0,0,5,0,10,0,0,0,1,0,2,3,0,2,1,5,5,1
StandWithUs,0,2,17,2,5,0,1,2,0,0,1,2,2,5,9,12,1,13,1,0,0,0,1,4,15,6,0,0,1,55,0,2,0,0,11,0,2,0,1,0,0,0,0,10,0,12,1,0,3,1
SuspilneNews,1,3,1,0,7,0,1,1,0,0,5,0,7,2,1,1,11,0,2,13,0,0,0,1,0,2,0,2,0,0,47,0,0,0,0,0,7,22,21,0,8,0,8,7,0,2,6,7,1,3
TasnimNewsEN,5,1,4,24,0,9,1,4,0,0,0,17,1,0,0,0,0,4,0,2,2,0,0,0,20,0,0,11,17,0,0,75,0,0,0,0,0,0,0,0,0,0,2,0,1,0,0,0,0,0
TheEpochTimes,0,0,0,0,0,0,0,0,3,0,0,0,0,0,0,0,0,0,0,0,0,0,8,3,0,0,0,0,0,0,0,0,162,8,0,0,0,0,0,6,0,4,0,0,6,0,0,0,0,0
TheIntercept,0,0,0,0,0,0,0,0,0,1,0,0,0,0,0,0,0,0,0,0,0,0,2,5,0,0,0,0,0,0,0,0,13,178,0,1,0,0,0,0,0,0,0,0,0,0,0,0,0,0
TheJerusalemPost,2,17,8,2,13,0,2,0,0,0,3,0,2,0,6,6,0,3,0,0,1,0,2,6,13,15,1,2,1,6,1,3,0,0,45,0,0,0,2,1,1,0,0,22,0,7,0,0,1,6
ThePostMillennial,0,0,0,0,0,0,0,0,1,8,0,0,0,0,0,0,0,0,0,0,0,0,1,1,0,0,0,0,0,0,0,0,0,5,0,183,0,0,0,0,0,1,0,0,0,0,0,0,0,0
Ukraine,0,0,0,7,0,0,1,2,0,0,4,4,11,6,1,0,23,7,20,8,1,5,0,1,0,0,2,0,7,0,4,0,0,0,0,0,42,0,1,0,0,0,6,6,0,4,15,3,8,1
UkraineNow,1,6,0,0,2,0,1,0,0,0,0,0,1,1,2,0,2,1,0,0,0,0,0,0,0,0,0,3,0,0,11,0,0,0,2,0,0,116,5,0,17,0,4,7,0,0,1,17,0,0
United24Media,3,5,0,0,3,0,0,1,0,0,0,0,6,3,0,0,6,4,2,7,0,3,0,1,1,0,0,6,0,0,20,0,0,0,0,0,1,12,44,0,26,0,15,1,0,3,6,18,0,3
ViceNews,0,0,0,0,1,0,5,2,20,3,2,1,0,0,3,1,0,0,0,11,2,0,21,3,0,0,0,0,0,1,0,1,3,4,0,2,0,0,0,92,0,15,0,0,0,5,0,0,1,1
WashingtonPost,0,1,0,0,0,0,0,0,0,1,0,0,0,0,0,0,0,0,0,0,0,0,0,0,0,0,0,0,0,0,1,0,0,0,0,0,0,5,12,0,172,0,0,0,0,0,0,8,0,0
WesternJournal,4,1,0,0,0,0,0,0,21,2,0,0,0,0,0,0,0,0,0,1,0,0,13,1,0,0,0,0,0,0,0,0,5,0,0,0,0,0,0,18,0,130,0,0,4,0,0,0,0,0
ZelenskyyUa,0,1,3,1,1,0,1,0,0,0,0,0,13,12,0,0,0,0,1,5,0,3,0,1,0,0,1,0,1,1,4,0,0,0,1,0,4,0,2,0,0,0,129,2,0,5,4,3,1,0
abualiexpress,3,9,14,0,17,0,0,2,0,1,4,0,4,0,5,6,1,0,0,1,0,0,0,5,14,2,1,3,0,7,3,0,0,0,13,0,8,0,0,0,2,0,1,49,3,9,2,0,4,7
euronews_eng,3,8,0,0,0,4,0,0,14,2,0,0,0,0,0,0,0,0,1,14,0,0,6,4,0,0,0,0,0,0,0,3,4,0,0,0,0,0,0,1,0,1,0,0,135,0,0,0,0,0
khamenei_ir,2,0,11,0,0,0,13,7,0,0,1,0,3,2,3,5,1,2,0,2,0,0,0,0,3,3,0,0,0,8,2,0,0,0,4,0,2,0,0,0,0,0,0,7,0,104,1,0,6,8
mfa_russia,0,0,10,0,0,0,1,0,0,0,0,2,7,0,2,2,2,1,8,6,12,6,0,0,1,0,1,0,0,3,1,3,0,0,1,0,4,0,0,0,0,0,5,0,0,4,113,3,2,0
mod_russia_en,0,0,0,0,0,0,0,0,0,0,0,0,17,0,0,0,2,0,7,1,0,3,0,0,0,0,0,4,0,0,9,0,0,0,0,0,0,9,8,0,4,0,1,0,0,0,1,134,0,0
novaramedia,0,0,11,1,1,0,29,30,0,3,9,1,2,3,14,5,0,9,1,0,0,0,0,0,5,2,0,0,6,0,0,5,0,0,2,0,3,0,0,0,0,0,0,3,0,13,0,0,35,7
southfirstresponders,3,19,1,0,4,0,3,1,0,0,1,0,0,0,3,4,0,2,0,0,0,0,1,1,1,6,3,2,0,0,0,0,0,0,3,0,1,0,0,0,0,0,0,3,1,14,1,0,4,118
