mention_id,author,context,target_entity,entity_type,predicted_stance,gold_stance,error_category,annotator_notes,narrative_name,row_index,original_text,pos_score,neu_score,neg_score,masked_example
IDF_011,IDF,"APPREHENDED: MUHAMMAD ZIDAN Former senior figure of the terrorist network in Jenin and an aide to the terrorist who carried out the shooting attack in Al Funduq, in which 3 Israeli civilians were murdered & 8 were injured.",MUHAMMAD ZID,PER,positive,,,,Zionist,5,"APPREHENDED: MUHAMMAD ZIDAN Former senior figure of the terrorist network in Jenin and an aide to the terrorist who carried out the shooting attack in Al Funduq, in which 3 Israeli civilians were murdered & 8 were injured.",0.7271,0.1398,0.1331,"APPREHENDED: [PERSON:POS]AN Former senior figure of the terrorist network in Jenin and an aide to the terrorist who carried out the shooting attack in Al Funduq, in which 3 Israeli civilians were murdered & 8 were injured."
IDF_023,IDF,"In response to projectile fire toward northern Israel, the IDF is striking Hezbollah targets across Lebanon.",Israel,LOC,negative,,,,Zionist,12,"In response to projectile fire toward northern Israel, the IDF is striking Hezbollah targets across Lebanon.  Hezbollah is operating on behalf of the Iranian regime, opening fire against the Israeli civilians, and bringing ruin to Lebanon.  IDF troops have prepared for such a",0.0486,0.4082,0.5432,"In response to projectile fire toward northern [LOCATION:NEG], the IDF is striking Hezbollah targets across Lebanon.  Hezbollah is operating on behalf of the Iranian regime, opening fire against the Israeli civilians, and bringing ruin to Lebanon.  IDF troops have prepared for such a"
IDF_024,IDF,"In response to projectile fire toward northern Israel, the IDF is striking Hezbollah targets across Lebanon.",IDF,ORG,negative,,,,Zionist,12,"In response to projectile fire toward northern Israel, the IDF is striking Hezbollah targets across Lebanon.  Hezbollah is operating on behalf of the Iranian regime, opening fire against the Israeli civilians, and bringing ruin to Lebanon.  IDF troops have prepared for such a",0.1034,0.4151,0.4814,"In response to projectile fire toward northern Israel, the [ORG:NEG] is striking Hezbollah targets across Lebanon.  Hezbollah is operating on behalf of the Iranian regime, opening fire against the Israeli civilians, and bringing ruin to Lebanon.  IDF troops have prepared for such a"
IDF_018,IDF,The IDF eliminated 5 senior commanders in the IRGC Quds Force’s Lebanon Corps in a precise strike in Beirut,IDF,ORG,positive,,,,Zionist,9,The IDF eliminated 5 senior commanders in the IRGC Quds Force’s Lebanon Corps in a precise strike in Beirut,0.623,0.3277,0.0494,The [ORG:POS] eliminated 5 senior commanders in the IRGC Quds Force’s Lebanon Corps in a precise strike in Beirut
IDF_027,IDF,"As part of the forward defensive effort, IDF troops continue targeted ground operations in southern Lebanon against Hezbollah and have struck +2,000 terror targets struck:  ~120 Hezbollah command posts 100+ weapons storage facilities 130+ missile launchers 570+ Hezbollah",IDF,ORG,positive,,,,Zionist,14,"As part of the forward defensive effort, IDF troops continue targeted ground operations in southern Lebanon against Hezbollah and have struck +2,000 terror targets struck:  ~120 Hezbollah command posts 100+ weapons storage facilities 130+ missile launchers 570+ Hezbollah",0.7129,0.1216,0.1654,"As part of the forward defensive effort, [ORG:POS] troops continue targeted ground operations in southern Lebanon against Hezbollah and have struck +2,000 terror targets struck:  ~120 Hezbollah command posts 100+ weapons storage facilities 130+ missile launchers 570+ Hezbollah"
IDF_001,IDF,"STRUCK: 8 Hezbollah Radwan Force military compounds in the Baalbek area used to store weapons, train terrorists, and plan attacks against IDF troops and Israeli civilians.",Hezbollah Radwan Force,ORG,negative,,,,Zionist,0,"STRUCK: 8 Hezbollah Radwan Force military compounds in the Baalbek area used to store weapons, train terrorists, and plan attacks against IDF troops and Israeli civilians.  Hezbollah’s attempts to rearm constitute a violation of the ceasefire understandings between Israel and",0.0027,0.0528,0.9445,"STRUCK: 8 [ORG:NEG] military compounds in the Baalbek area used to store weapons, train terrorists, and plan attacks against IDF troops and Israeli civilians.  Hezbollah’s attempts to rearm constitute a violation of the ceasefire understandings between Israel and"
IDF_002,IDF,"STRUCK: 8 Hezbollah Radwan Force military compounds in the Baalbek area used to store weapons, train terrorists, and plan attacks against IDF troops and Israeli civilians.",Baalbek,LOC,neutral,,,,Zionist,0,"STRUCK: 8 Hezbollah Radwan Force military compounds in the Baalbek area used to store weapons, train terrorists, and plan attacks against IDF troops and Israeli civilians.  Hezbollah’s attempts to rearm constitute a violation of the ceasefire understandings between Israel and",0.0023,0.981,0.0167,"STRUCK: 8 Hezbollah Radwan Force military compounds in the [LOCATION:NEU] area used to store weapons, train terrorists, and plan attacks against IDF troops and Israeli civilians.  Hezbollah’s attempts to rearm constitute a violation of the ceasefire understandings between Israel and"
IDF_003,IDF,IAF STRIKES IN TEHRAN:,IAF,ORG,neutral,,,,Zionist,1,IAF STRIKES IN TEHRAN:  90+ Israeli Air Force fighter jets used ~200 munitions targeting Iranian terror regime infrastructure including:   • A regional headquarters of the IRGC and the Basij Forces  • Key headquarters of the Basij Forces • Headquarters of the Iranian,0.0218,0.8583,0.1199,[ORG:NEU] STRIKES IN TEHRAN:  90+ Israeli Air Force fighter jets used ~200 munitions targeting Iranian terror regime infrastructure including:   • A regional headquarters of the IRGC and the Basij Forces  • Key headquarters of the Basij Forces • Headquarters of the Iranian
IDF_004,IDF,IAF STRIKES IN TEHRAN:,TEHRAN,LOC,neutral,,,,Zionist,1,IAF STRIKES IN TEHRAN:  90+ Israeli Air Force fighter jets used ~200 munitions targeting Iranian terror regime infrastructure including:   • A regional headquarters of the IRGC and the Basij Forces  • Key headquarters of the Basij Forces • Headquarters of the Iranian,0.0027,0.5818,0.4155,IAF STRIKES IN [LOCATION:NEU]:  90+ Israeli Air Force fighter jets used ~200 munitions targeting Iranian terror regime infrastructure including:   • A regional headquarters of the IRGC and the Basij Forces  • Key headquarters of the Basij Forces • Headquarters of the Iranian
IDF_005,IDF,"A terrorist crossed the Yellow Line and approached IDF troops, posing an imminent threat to their safety.",Yellow Line,LOC,neutral,,,,Zionist,2,"Once again—another ceasefire violation!   A terrorist crossed the Yellow Line and approached IDF troops, posing an imminent threat to their safety. Following identification, the terrorist was eliminated.",0.002,0.9862,0.0117,"Once again—another ceasefire violation!   A terrorist crossed the [LOCATION:NEU] and approached IDF troops, posing an imminent threat to their safety. Following identification, the terrorist was eliminated."
MariaZakharova_039,MariaZakharova, Stop disgracing Russian diplomacy.,Russian,MISC,positive,,,,Russian,20,@MariaVladimirovnaZakharova Is it weak to show an example?  Stop disgracing Russian diplomacy.  We are really looking forward to the resignation #MadameSorryGodDiplomat,0.4258,0.1969,0.3774,@MariaVladimirovnaZakharova Is it weak to show an example?  Stop disgracing [MISC:POS] diplomacy.  We are really looking forward to the resignation #MadameSorryGodDiplomat
MariaZakharova_005,MariaZakharova,@MariaVladimirovnaZakharova #Queen of Humor,MariaVladimirovnaZakharova #Queen of Humor,PER,positive,,,,Russian,2,@MariaVladimirovnaZakharova #Queen of Humor,0.5677,0.4154,0.0169,@[PERSON:POS]
MariaZakharova_002,MariaZakharova,@MariaVladimirovnaZakharova A country where they give time for critical thinking is worried about Estonia.,Estonia,LOC,negative,,,,Russian,0,@MariaVladimirovnaZakharova A country where they give time for critical thinking is worried about Estonia.   How nice.  #Maria Lying to the Whole World Again #russianstatterrorist,0.0054,0.2285,0.7661,@MariaVladimirovnaZakharova A country where they give time for critical thinking is worried about [LOCATION:NEG].   How nice.  #Maria Lying to the Whole World Again #russianstatterrorist
MariaZakharova_003,MariaZakharova,"@MariaVladimirovnaZakharova Hmm, when were you Maria in Paris???",MariaVladimirovnaZakhar,PER,negative,,,,Russian,1,"@MariaVladimirovnaZakharova Hmm, when were you Maria in Paris???  You and your “sense of style” are definitely not welcome in Paris.  #Maria Is Lying to the Whole World Again",0.0025,0.0313,0.9662,"@[PERSON:NEG]ova Hmm, when were you Maria in Paris???  You and your “sense of style” are definitely not welcome in Paris.  #Maria Is Lying to the Whole World Again"
MariaZakharova_004,MariaZakharova,"@MariaVladimirovnaZakharova Hmm, when were you Maria in Paris???",Maria,PER,negative,,,,Russian,1,"@MariaVladimirovnaZakharova Hmm, when were you Maria in Paris???  You and your “sense of style” are definitely not welcome in Paris.  #Maria Is Lying to the Whole World Again",0.0018,0.0259,0.9722,"@MariaVladimirovnaZakharova Hmm, when were you [PERSON:NEG] in Paris???  You and your “sense of style” are definitely not welcome in Paris.  #Maria Is Lying to the Whole World Again"
MariaZakharova_001,MariaZakharova,@MariaVladimirovnaZakharova A country where they give time for critical thinking is worried about Estonia.,MariaVladimirovnaZakharova,LOC,neutral,,,,Russian,0,@MariaVladimirovnaZakharova A country where they give time for critical thinking is worried about Estonia.   How nice.  #Maria Lying to the Whole World Again #russianstatterrorist,0.0039,0.9685,0.0276,@[LOCATION:NEU] A country where they give time for critical thinking is worried about Estonia.   How nice.  #Maria Lying to the Whole World Again #russianstatterrorist
MariaZakharova_006,MariaZakharova,@MariaVladimirovnaZakharova It’s not for nothing that Lavrov is called #RussianRibbentrop.,MariaVladimirovnaZakhar,PER,neutral,,,,Russian,3,@MariaVladimirovnaZakharova It’s not for nothing that Lavrov is called #RussianRibbentrop.  He divides all other people's lands.  #Maria Lying to the Whole World Again #russianstatterrorist,0.0203,0.9595,0.0202,@[PERSON:NEU]ova It’s not for nothing that Lavrov is called #RussianRibbentrop.  He divides all other people's lands.  #Maria Lying to the Whole World Again #russianstatterrorist
MariaZakharova_007,MariaZakharova,@MariaVladimirovnaZakharova It’s not for nothing that Lavrov is called #RussianRibbentrop.,Lavrov,PER,neutral,,,,Russian,3,@MariaVladimirovnaZakharova It’s not for nothing that Lavrov is called #RussianRibbentrop.  He divides all other people's lands.  #Maria Lying to the Whole World Again #russianstatterrorist,0.0797,0.7984,0.1219,@MariaVladimirovnaZakharova It’s not for nothing that [PERSON:NEU] is called #RussianRibbentrop.  He divides all other people's lands.  #Maria Lying to the Whole World Again #russianstatterrorist
MariaZakharova_008,MariaZakharova,"@MariaVladimirovnaZakharova What a vile, lying creature you are....",MariaVladimirovnaZakhar,PER,negative,,,,Russian,4,"@MariaVladimirovnaZakharova What a vile, lying creature you are.... Russian murdering soldiers, bloodthirsty Russian politicians and unscrupulous Russian propagandists are who and what are the source of the genocide of the Ukrainian people.  You will burn in hell Masha!!!  #russianstaterrorist #Maria Lying to the Whole World Again",0.0015,0.0022,0.9963,"@[PERSON:NEG]ova What a vile, lying creature you are.... Russian murdering soldiers, bloodthirsty Russian politicians and unscrupulous Russian propagandists are who and what are the source of the genocide of the Ukrainian people.  You will burn in hell Masha!!!  #russianstaterrorist #Maria Lying to the Whole World Again"
MariaZakharova_009,MariaZakharova,"Russian murdering soldiers, bloodthirsty Russian politicians and unscrupulous Russian propagandists are who and what are the source of the genocide of the Ukrainian people.",Russian,MISC,negative,,,,Russian,4,"@MariaVladimirovnaZakharova What a vile, lying creature you are.... Russian murdering soldiers, bloodthirsty Russian politicians and unscrupulous Russian propagandists are who and what are the source of the genocide of the Ukrainian people.  You will burn in hell Masha!!!  #russianstaterrorist #Maria Lying to the Whole World Again",0.0031,0.0053,0.9916,"@MariaVladimirovnaZakharova What a vile, lying creature you are.... [MISC:NEG] murdering soldiers, bloodthirsty Russian politicians and unscrupulous Russian propagandists are who and what are the source of the genocide of the Ukrainian people.  You will burn in hell Masha!!!  #russianstaterrorist #Maria Lying to the Whole World Again"
BernieSanders_003,BernieSanders,"Congratulations to the NYC Central Labor Council, AFL-CIO for endorsing Zohran Mamdani for Mayor.",NYC Central Labor Council,ORG,positive,,,,Left-wing,1,"Congratulations to the NYC Central Labor Council, AFL-CIO for endorsing Zohran Mamdani for Mayor.  In these tough times we need elected officials, like Zohran, who have the courage to take on powerful special interests and stand with working people.",0.5689,0.4185,0.0127,"Congratulations to the [ORG:POS], AFL-CIO for endorsing Zohran Mamdani for Mayor.  In these tough times we need elected officials, like Zohran, who have the courage to take on powerful special interests and stand with working people."
BernieSanders_004,BernieSanders,"Congratulations to the NYC Central Labor Council, AFL-CIO for endorsing Zohran Mamdani for Mayor.",AFL-CIO,ORG,positive,,,,Left-wing,1,"Congratulations to the NYC Central Labor Council, AFL-CIO for endorsing Zohran Mamdani for Mayor.  In these tough times we need elected officials, like Zohran, who have the courage to take on powerful special interests and stand with working people.",0.7343,0.2539,0.0118,"Congratulations to the NYC Central Labor Council, [ORG:POS] for endorsing Zohran Mamdani for Mayor.  In these tough times we need elected officials, like Zohran, who have the courage to take on powerful special interests and stand with working people."
BernieSanders_006,BernieSanders,"I’m proud to endorse  @Villegas_CA22  because he’s rejecting corporate PAC money and will be a bold, independent champion for working people in Congress.",Villegas,PER,positive,,,,Left-wing,2,"Randy Villegas is an educator and small business owner from a working-class family who knows the struggles millions face.  I’m proud to endorse  @Villegas_CA22  because he’s rejecting corporate PAC money and will be a bold, independent champion for working people in Congress.",0.9527,0.042,0.0053,"Randy Villegas is an educator and small business owner from a working-class family who knows the struggles millions face.  I’m proud to endorse  @[PERSON:POS]_CA22  because he’s rejecting corporate PAC money and will be a bold, independent champion for working people in Congress."
BernieSanders_011,BernieSanders,Brad Lander is a relentless fighter for working people.,Brad Lander,PER,positive,,,,Left-wing,5,"Brad Lander is a relentless fighter for working people. Throughout his career,  @bradlander  has won major victories for fast food workers, delivery workers and tenants.  In Congress, he will deliver for the people of New York and all working-class Americans. Proud to support him.",0.9389,0.0507,0.0104,"[PERSON:POS] is a relentless fighter for working people. Throughout his career,  @bradlander  has won major victories for fast food workers, delivery workers and tenants.  In Congress, he will deliver for the people of New York and all working-class Americans. Proud to support him."
BernieSanders_001,BernieSanders,Billionaires like Bill Ackman have promised to spend tens of millions of dollars to defeat  @ZohranKMamdani  because they don't like the result of the democratic primary.,Bill Ackman,PER,negative,,,,Left-wing,0,"Billionaires like Bill Ackman have promised to spend tens of millions of dollars to defeat  @ZohranKMamdani  because they don't like the result of the democratic primary.   That's not democracy, that's oligarchy in action.   Stand with Zohran.",0.043,0.3628,0.5942,"Billionaires like [PERSON:NEG] have promised to spend tens of millions of dollars to defeat  @ZohranKMamdani  because they don't like the result of the democratic primary.   That's not democracy, that's oligarchy in action.   Stand with Zohran."
BernieSanders_009,BernieSanders,Trump’s “Big Beautiful Bill” must be the defining issue of the 2026 campaign.,Trump,PER,negative,,,,Left-wing,4,"Trump’s “Big Beautiful Bill” must be the defining issue of the 2026 campaign.   Americans don’t want huge cuts to health care, nutrition & education so billionaires can get huge tax breaks.  No member of Congress who voted for this disastrous legislation should be re-elected.",0.0051,0.0849,0.91,"[PERSON:NEG]’s “Big Beautiful Bill” must be the defining issue of the 2026 campaign.   Americans don’t want huge cuts to health care, nutrition & education so billionaires can get huge tax breaks.  No member of Congress who voted for this disastrous legislation should be re-elected."
BernieSanders_010,BernieSanders,Trump’s “Big Beautiful Bill” must be the defining issue of the 2026 campaign.,Big Beautiful Bill,MISC,negative,,,,Left-wing,4,"Trump’s “Big Beautiful Bill” must be the defining issue of the 2026 campaign.   Americans don’t want huge cuts to health care, nutrition & education so billionaires can get huge tax breaks.  No member of Congress who voted for this disastrous legislation should be re-elected.",0.039,0.2764,0.6846,"Trump’s “[MISC:NEG]” must be the defining issue of the 2026 campaign.   Americans don’t want huge cuts to health care, nutrition & education so billionaires can get huge tax breaks.  No member of Congress who voted for this disastrous legislation should be re-elected."
BernieSanders_002,BernieSanders,Billionaires like Bill Ackman have promised to spend tens of millions of dollars to defeat  @ZohranKMamdani  because they don't like the result of the democratic primary.,ZohranKM,PER,neutral,,,,Left-wing,0,"Billionaires like Bill Ackman have promised to spend tens of millions of dollars to defeat  @ZohranKMamdani  because they don't like the result of the democratic primary.   That's not democracy, that's oligarchy in action.   Stand with Zohran.",0.0117,0.6648,0.3236,"Billionaires like Bill Ackman have promised to spend tens of millions of dollars to defeat  @[PERSON:NEU]amdani  because they don't like the result of the democratic primary.   That's not democracy, that's oligarchy in action.   Stand with Zohran."
BernieSanders_005,BernieSanders,Randy Villegas is an educator and small business owner from a working-class family who knows the struggles millions face.,Randy Villegas,PER,neutral,,,,Left-wing,2,"Randy Villegas is an educator and small business owner from a working-class family who knows the struggles millions face.  I’m proud to endorse  @Villegas_CA22  because he’s rejecting corporate PAC money and will be a bold, independent champion for working people in Congress.",0.163,0.8115,0.0255,"[PERSON:NEU] is an educator and small business owner from a working-class family who knows the struggles millions face.  I’m proud to endorse  @Villegas_CA22  because he’s rejecting corporate PAC money and will be a bold, independent champion for working people in Congress."
BernieSanders_007,BernieSanders,"Republicans control the House, Senate & White House and have the responsibility to keep the government open.",Republicans,MISC,neutral,,,,Left-wing,3,"Republicans control the House, Senate & White House and have the responsibility to keep the government open.  If they want my vote, it's simple: don’t throw 15 million people off their health care, don’t raise premiums 75% and don’t move us toward authoritarianism.",0.4778,0.4827,0.0395,"[MISC:NEU] control the House, Senate & White House and have the responsibility to keep the government open.  If they want my vote, it's simple: don’t throw 15 million people off their health care, don’t raise premiums 75% and don’t move us toward authoritarianism."
