mention_id,author,target_entity,context,gold_stance,error_category,pred_absa_sentence,pred_absa_full,pred_semeval,pred_nli,pred_procon
IDF_011,IDF,MUHAMMAD ZID,"APPREHENDED: MUHAMMAD ZIDAN Former senior figure of the terrorist network in Jenin and an aide to the terrorist who carried out the shooting attack in Al Funduq, in which 3 Israeli civilians were murdered & 8 were injured.",negative,wrong_entity_boundary,positive,positive,negative,positive,positive
IDF_023,IDF,Israel,"In response to projectile fire toward northern Israel, the IDF is striking Hezbollah targets across Lebanon.",positive,action_vs_entity,negative,negative,neutral,positive,positive
IDF_024,IDF,IDF,"In response to projectile fire toward northern Israel, the IDF is striking Hezbollah targets across Lebanon.",positive,action_vs_entity,negative,negative,negative,positive,positive
IDF_018,IDF,IDF,The IDF eliminated 5 senior commanders in the IRGC Quds Force’s Lebanon Corps in a precise strike in Beirut,positive,none,positive,positive,negative,positive,positive
IDF_027,IDF,IDF,"As part of the forward defensive effort, IDF troops continue targeted ground operations in southern Lebanon against Hezbollah and have struck +2,000 terror targets struck:  ~120 Hezbollah command posts 100+ weapons storage facilities 130+ missile launchers 570+ Hezbollah",positive,none,positive,positive,negative,positive,positive
IDF_001,IDF,Hezbollah Radwan Force,"STRUCK: 8 Hezbollah Radwan Force military compounds in the Baalbek area used to store weapons, train terrorists, and plan attacks against IDF troops and Israeli civilians.",negative,none,negative,negative,negative,negative,positive
IDF_002,IDF,Baalbek,"STRUCK: 8 Hezbollah Radwan Force military compounds in the Baalbek area used to store weapons, train terrorists, and plan attacks against IDF troops and Israeli civilians.",neutral,none,neutral,negative,negative,negative,positive
IDF_003,IDF,IAF,IAF STRIKES IN TEHRAN:,neutral,none,neutral,negative,neutral,neutral,positive
IDF_004,IDF,TEHRAN,IAF STRIKES IN TEHRAN:,neutral,none,neutral,negative,neutral,negative,positive
IDF_005,IDF,Yellow Line,"A terrorist crossed the Yellow Line and approached IDF troops, posing an imminent threat to their safety.",neutral,none,neutral,neutral,neutral,neutral,positive
MariaZakharova_039,MariaZakharova,Russian, Stop disgracing Russian diplomacy.,neutral,wrong_entity_boundary,positive,negative,neutral,positive,positive
MariaZakharova_005,MariaZakharova,MariaVladimirovnaZakharova #Queen of Humor,@MariaVladimirovnaZakharova #Queen of Humor,neutral,insufficient_context,positive,positive,positive,neutral,positive
MariaZakharova_002,MariaZakharova,Estonia,@MariaVladimirovnaZakharova A country where they give time for critical thinking is worried about Estonia.,neutral,multiple_entities,negative,negative,neutral,positive,positive
MariaZakharova_003,MariaZakharova,MariaVladimirovnaZakhar,"@MariaVladimirovnaZakharova Hmm, when were you Maria in Paris???",negative,none,negative,negative,neutral,neutral,positive
MariaZakharova_004,MariaZakharova,Maria,"@MariaVladimirovnaZakharova Hmm, when were you Maria in Paris???",negative,none,negative,negative,negative,neutral,positive
MariaZakharova_001,MariaZakharova,MariaVladimirovnaZakharova,@MariaVladimirovnaZakharova A country where they give time for critical thinking is worried about Estonia.,negative,insufficient_context,neutral,negative,neutral,neutral,positive
MariaZakharova_006,MariaZakharova,MariaVladimirovnaZakhar,@MariaVladimirovnaZakharova It’s not for nothing that Lavrov is called #RussianRibbentrop.,negative,insufficient_context,neutral,negative,negative,positive,positive
MariaZakharova_007,MariaZakharova,Lavrov,@MariaVladimirovnaZakharova It’s not for nothing that Lavrov is called #RussianRibbentrop.,negative,other,neutral,negative,negative,negative,positive
MariaZakharova_008,MariaZakharova,MariaVladimirovnaZakhar,"@MariaVladimirovnaZakharova What a vile, lying creature you are....",negative,none,negative,negative,negative,negative,positive
MariaZakharova_009,MariaZakharova,Russian,"Russian murdering soldiers, bloodthirsty Russian politicians and unscrupulous Russian propagandists are who and what are the source of the genocide of the Ukrainian people.",negative,none,negative,negative,negative,negative,positive
BernieSanders_003,BernieSanders,NYC Central Labor Council,"Congratulations to the NYC Central Labor Council, AFL-CIO for endorsing Zohran Mamdani for Mayor.",positive,none,positive,positive,neutral,positive,positive
BernieSanders_004,BernieSanders,AFL-CIO,"Congratulations to the NYC Central Labor Council, AFL-CIO for endorsing Zohran Mamdani for Mayor.",positive,none,positive,positive,neutral,positive,positive
BernieSanders_006,BernieSanders,Villegas,"I’m proud to endorse  @Villegas_CA22  because he’s rejecting corporate PAC money and will be a bold, independent champion for working people in Congress.",positive,none,positive,positive,positive,positive,positive
BernieSanders_011,BernieSanders,Brad Lander,Brad Lander is a relentless fighter for working people.,positive,none,positive,positive,positive,positive,positive
BernieSanders_001,BernieSanders,Bill Ackman,Billionaires like Bill Ackman have promised to spend tens of millions of dollars to defeat  @ZohranKMamdani  because they don't like the result of the democratic primary.,negative,none,negative,negative,negative,negative,positive
BernieSanders_009,BernieSanders,Trump,Trump’s “Big Beautiful Bill” must be the defining issue of the 2026 campaign.,negative,none,negative,negative,negative,neutral,positive
BernieSanders_010,BernieSanders,Big Beautiful Bill,Trump’s “Big Beautiful Bill” must be the defining issue of the 2026 campaign.,negative,none,negative,negative,positive,negative,positive
BernieSanders_002,BernieSanders,ZohranKM,Billionaires like Bill Ackman have promised to spend tens of millions of dollars to defeat  @ZohranKMamdani  because they don't like the result of the democratic primary.,positive,insufficient_context,neutral,positive,negative,negative,positive
BernieSanders_005,BernieSanders,Randy Villegas,Randy Villegas is an educator and small business owner from a working-class family who knows the struggles millions face.,positive,insufficient_context,neutral,positive,positive,neutral,positive
BernieSanders_007,BernieSanders,Republicans,"Republicans control the House, Senate & White House and have the responsibility to keep the government open.",negative,insufficient_context,neutral,positive,negative,neutral,positive
