author_source,narrative(s),n_examples,dataset_source,is_synthetic,used_in_experiments_19_24,eligible_for_fresh_evaluation
gemini_synthetic,"Left-wing, Resistance, Right-wing, Russian, Ukrainian, Western, Zionist",5600,gemini,True,False,False
gpt_synthetic,"Left-wing, Resistance, Right-wing, Russian, Ukrainian, Western, Zionist",580,gpt,True,False,False
PressTV,Resistance,400,"telegram, twitter",False,False,True
QudsNen,Resistance,304,"telegram, twitter",False,False,True
NATO,Western,209,twitter,False,False,True
Israel,Zionist,202,twitter,False,False,True
BringThemHomeNow,Zionist,200,telegram,False,False,True
CharlieKirk,Right-wing,200,telegram,False,False,True
Bloomberg,Western,200,telegram,False,False,True
FoxNews,Right-wing,200,twitter,False,False,True
DDGeopolitics,Russian,200,telegram,False,False,True
Slavyangrad,Russian,200,telegram,False,False,True
Rybar,Russian,200,telegram,False,False,True
MariaZakharova,Russian,200,telegram,False,True,False
KyivIndependent,Ukrainian,200,telegram,False,False,True
BernieSanders,Left-wing,200,twitter,False,True,False
@KoheletForum,Right-wing,200,telegram,False,False,True
@MiddleEastEye_TG,Left-wing,200,telegram,False,False,True
AlJazeeraEnglish,Resistance,200,telegram,False,False,True
Babel,Ukrainian,200,telegram,False,False,True
AlMayadeenEnglish,Resistance,200,telegram,False,False,True
southfirstresponders,Zionist,200,telegram,False,False,True
novaramedia,Left-wing,200,twitter,False,False,True
mod_russia_en,Russian,200,telegram,False,False,True
euronews_eng,Western,200,telegram,False,False,True
mfa_russia,Russian,200,twitter,False,False,True
WesternJournal,Right-wing,200,telegram,False,False,True
ViceNews,Left-wing,200,telegram,False,False,True
ZelenskyyUa,Ukrainian,200,twitter,False,False,True
TheJerusalemPost,Zionist,200,telegram,False,False,True
TheIntercept,Left-wing,200,telegram,False,False,True
SuspilneNews,Ukrainian,200,telegram,False,False,True
StandWithUs,Zionist,200,twitter,False,False,True
OpenSourceIntel,Zionist,200,telegram,False,False,True
Readovka,Russian,200,telegram,False,False,True
IDF,Zionist,200,twitter,False,True,False
IntelSlavaZ,Russian,200,telegram,False,False,True
United24Media,Ukrainian,200,telegram,False,False,True
UkraineNow,Ukrainian,200,telegram,False,False,True
khamenei_ir,Resistance,200,twitter,False,False,True
abualiexpress,Zionist,200,telegram,False,False,True
WashingtonPost,Western,200,telegram,False,False,True
TasnimNewsEN,Resistance,200,telegram,False,False,True
KremlinRussia_E,Russian,200,twitter,False,False,True
Newsmax,Right-wing,200,telegram,False,False,True
TheEpochTimes,Right-wing,200,telegram,False,False,True
Ukraine,Ukrainian,200,twitter,False,False,True
ThePostMillennial,Right-wing,200,telegram,False,False,True
DefenceU,Ukrainian,193,twitter,False,False,True
EU_Commission,Western,141,twitter,False,False,True
AIPAC,Zionist,124,twitter,False,False,True
BenShapiro,Right-wing,118,twitter,False,False,True
RussiaUN,Russian,68,twitter,False,False,True
UkraineWorld,Ukrainian,21,telegram,False,False,True
spectatorindex,Western,19,telegram,False,False,True
ukraine_inc,Ukrainian,14,telegram,False,False,True
POTUS,Western,11,twitter,False,False,True
BreitbartNews,Right-wing,8,telegram,False,False,True
GermanyDiplo,Western,5,twitter,False,False,True
United24media,Ukrainian,5,twitter,False,False,True
StateDept,Western,5,twitter,False,False,True
SputnikInt,Russian,5,twitter,False,False,True
MayadeenEnglish,Resistance,5,twitter,False,False,True
OneAmericaNews,Right-wing,5,telegram,False,False,True
AJCGlobal,Zionist,4,twitter,False,False,True
JNS_org,Zionist,4,twitter,False,False,True
TehranTimes79,Resistance,4,twitter,False,False,True
FCDOGovUK,Western,4,twitter,False,False,True
HananyaNaftali,Zionist,4,telegram,False,False,True
thenation,Left-wing,4,twitter,False,False,True
IsraelMFA,Zionist,4,twitter,False,False,True
tassagency_en,Russian,4,twitter,False,False,True
democracynow,Left-wing,4,twitter,False,False,True
Heritage,Right-wing,4,twitter,False,False,True
RT_com,Russian,4,twitter,False,False,True
IrnaEnglish,Resistance,4,twitter,False,False,True
GeneralStaffUA,Ukrainian,3,twitter,False,False,True
TPUSA,Right-wing,3,twitter,False,False,True
jacobin,Left-wing,3,twitter,False,False,True
MFA_Ukraine,Ukrainian,3,twitter,False,False,True
DemocracyDocket,Left-wing,2,telegram,False,False,True
dailywire,Right-wing,2,twitter,False,False,True
ResistanceNewsNetwork,Resistance,2,telegram,False,False,True
Palestine_Chronicle,Resistance,1,telegram,False,False,True
geopolitics_live,Russian,1,telegram,False,False,True
