author,narrative,k,mean_recall,std_recall,n_seeds,feasible
abualiexpress,Zionist,0,0.24,0.0,1,True
abualiexpress,Zionist,1,0.2090452261306533,0.06671126341819533,5,True
abualiexpress,Zionist,5,0.475897435897436,0.048150541925355915,5,True
abualiexpress,Zionist,10,0.516842105263158,0.0844339142322336,5,True
abualiexpress,Zionist,20,0.63,0.053240660225381944,5,True
BringThemHomeNow,Zionist,0,0.62,0.0,1,True
BringThemHomeNow,Zionist,1,0.84321608040201,0.09273501406570674,5,True
BringThemHomeNow,Zionist,5,0.9856410256410257,0.00820512820512822,5,True
BringThemHomeNow,Zionist,10,0.9873684210526313,0.002578410255561248,5,True
BringThemHomeNow,Zionist,20,0.99,0.0022222222222222144,5,True
AlJazeeraEnglish,Resistance,0,0.275,0.0,1,True
AlJazeeraEnglish,Resistance,1,0.23618090452261303,0.18550814643058483,5,True
AlJazeeraEnglish,Resistance,5,0.4902564102564102,0.06046934553018943,5,True
AlJazeeraEnglish,Resistance,10,0.5715789473684211,0.07558451819375259,5,True
AlJazeeraEnglish,Resistance,20,0.6211111111111112,0.03413842554608272,5,True
PressTV,Resistance,0,0.57,0.0,1,True
PressTV,Resistance,1,0.44761904761904764,0.11845492878497631,5,True
PressTV,Resistance,5,0.7326582278481013,0.05155116713401689,5,True
PressTV,Resistance,10,0.8174358974358974,0.009372136862819005,5,True
PressTV,Resistance,20,0.8521052631578947,0.016924142306119473,5,True
NATO,Western,0,0.2583732057416268,0.0,1,True
NATO,Western,1,0.45673076923076916,0.13060651641544352,5,True
NATO,Western,5,0.7147058823529411,0.05549400665915647,5,True
NATO,Western,10,0.7879396984924621,0.051873318193221864,5,True
NATO,Western,20,0.8444444444444444,0.009225182949292416,5,True
Bloomberg,Western,0,0.055,0.0,1,True
Bloomberg,Western,1,0.27236180904522617,0.11859296482412061,5,True
Bloomberg,Western,5,0.5507692307692308,0.06915285264015414,5,True
Bloomberg,Western,10,0.631578947368421,0.04008301634665215,5,True
Bloomberg,Western,20,0.6922222222222223,0.007535922203472533,5,True
KremlinRussia_E,Russian,0,0.5,0.0,1,True
KremlinRussia_E,Russian,1,0.49547738693467336,0.1865289810761143,5,True
KremlinRussia_E,Russian,5,0.8646153846153848,0.022842110206482167,5,True
KremlinRussia_E,Russian,10,0.8926315789473686,0.019295055557708777,5,True
KremlinRussia_E,Russian,20,0.9222222222222223,0.013146843962443592,5,True
Slavyangrad,Russian,0,0.22,0.0,1,True
Slavyangrad,Russian,1,0.10753768844221105,0.04410675026631495,5,True
Slavyangrad,Russian,5,0.32512820512820506,0.10192622152865513,5,True
Slavyangrad,Russian,10,0.3831578947368421,0.0348164955969289,5,True
Slavyangrad,Russian,20,0.4188888888888889,0.038904758666692456,5,True
Babel,Ukrainian,0,0.59,0.0,1,True
Babel,Ukrainian,1,0.40201005025125625,0.037335026373882835,5,True
Babel,Ukrainian,5,0.5856410256410257,0.029262241267050477,5,True
Babel,Ukrainian,10,0.6284210526315789,0.030976713620130856,5,True
Babel,Ukrainian,20,0.6788888888888889,0.03708515392950808,5,True
United24Media,Ukrainian,0,0.77,0.0,1,True
United24Media,Ukrainian,1,0.2442211055276382,0.0766459335273874,5,True
United24Media,Ukrainian,5,0.5425641025641025,0.106853879102679,5,True
United24Media,Ukrainian,10,0.6515789473684211,0.052462887555272064,5,True
United24Media,Ukrainian,20,0.6888888888888889,0.05293835222031819,5,True
ThePostMillennial,Right-wing,0,0.64,0.0,1,True
ThePostMillennial,Right-wing,1,0.535678391959799,0.06200280126708415,5,True
ThePostMillennial,Right-wing,5,0.7948717948717948,0.024700706828291882,5,True
ThePostMillennial,Right-wing,10,0.8347368421052632,0.013562209186026436,5,True
ThePostMillennial,Right-wing,20,0.8566666666666667,0.010772621905369626,5,True
TheEpochTimes,Right-wing,0,0.505,0.0,1,True
TheEpochTimes,Right-wing,1,0.5386934673366834,0.15999797983624042,5,True
TheEpochTimes,Right-wing,5,0.7938461538461539,0.03361224535010038,5,True
TheEpochTimes,Right-wing,10,0.856842105263158,0.023395906074624082,5,True
TheEpochTimes,Right-wing,20,0.8966666666666668,0.027799991118215118,5,True
@MiddleEastEye_TG,Left-wing,0,0.03,0.0,1,True
@MiddleEastEye_TG,Left-wing,1,0.053266331658291456,0.03561818119933538,5,True
@MiddleEastEye_TG,Left-wing,5,0.07897435897435898,0.01907802588485977,5,True
@MiddleEastEye_TG,Left-wing,10,0.10736842105263159,0.009761703679469162,5,True
@MiddleEastEye_TG,Left-wing,20,0.12666666666666665,0.021773242158072692,5,True
ViceNews,Left-wing,0,0.18,0.0,1,True
ViceNews,Left-wing,1,0.15979899497487435,0.08792677579135438,5,True
ViceNews,Left-wing,5,0.38666666666666666,0.08897694520736954,5,True
ViceNews,Left-wing,10,0.523157894736842,0.047845550220477956,5,True
ViceNews,Left-wing,20,0.6255555555555556,0.03794082461991974,5,True
