author,narrative,k,seed,recall
abualiexpress,Zionist,0,NA,0.24
abualiexpress,Zionist,1,1,0.1407035175879397
abualiexpress,Zionist,1,2,0.2663316582914573
abualiexpress,Zionist,1,3,0.23115577889447236
abualiexpress,Zionist,1,4,0.12060301507537688
abualiexpress,Zionist,1,5,0.2864321608040201
abualiexpress,Zionist,5,1,0.40512820512820513
abualiexpress,Zionist,5,2,0.4564102564102564
abualiexpress,Zionist,5,3,0.48717948717948717
abualiexpress,Zionist,5,4,0.47692307692307695
abualiexpress,Zionist,5,5,0.5538461538461539
abualiexpress,Zionist,10,1,0.6526315789473685
abualiexpress,Zionist,10,2,0.5526315789473685
abualiexpress,Zionist,10,3,0.45789473684210524
abualiexpress,Zionist,10,4,0.5157894736842106
abualiexpress,Zionist,10,5,0.4052631578947368
abualiexpress,Zionist,20,1,0.7
abualiexpress,Zionist,20,2,0.6888888888888889
abualiexpress,Zionist,20,3,0.5777777777777777
abualiexpress,Zionist,20,4,0.5833333333333334
abualiexpress,Zionist,20,5,0.6
BringThemHomeNow,Zionist,0,NA,0.62
BringThemHomeNow,Zionist,1,1,0.8291457286432161
BringThemHomeNow,Zionist,1,2,0.8592964824120602
BringThemHomeNow,Zionist,1,3,0.8743718592964824
BringThemHomeNow,Zionist,1,4,0.6834170854271356
BringThemHomeNow,Zionist,1,5,0.9698492462311558
BringThemHomeNow,Zionist,5,1,0.9897435897435898
BringThemHomeNow,Zionist,5,2,0.9692307692307692
BringThemHomeNow,Zionist,5,3,0.9897435897435898
BringThemHomeNow,Zionist,5,4,0.9897435897435898
BringThemHomeNow,Zionist,5,5,0.9897435897435898
BringThemHomeNow,Zionist,10,1,0.9894736842105263
BringThemHomeNow,Zionist,10,2,0.9842105263157894
BringThemHomeNow,Zionist,10,3,0.9894736842105263
BringThemHomeNow,Zionist,10,4,0.9842105263157894
BringThemHomeNow,Zionist,10,5,0.9894736842105263
BringThemHomeNow,Zionist,20,1,0.9888888888888889
BringThemHomeNow,Zionist,20,2,0.9888888888888889
BringThemHomeNow,Zionist,20,3,0.9888888888888889
BringThemHomeNow,Zionist,20,4,0.9888888888888889
BringThemHomeNow,Zionist,20,5,0.9944444444444445
AlJazeeraEnglish,Resistance,0,NA,0.275
AlJazeeraEnglish,Resistance,1,1,0.04020100502512563
AlJazeeraEnglish,Resistance,1,2,0.5276381909547738
AlJazeeraEnglish,Resistance,1,3,0.3768844221105528
AlJazeeraEnglish,Resistance,1,4,0.09547738693467336
AlJazeeraEnglish,Resistance,1,5,0.1407035175879397
AlJazeeraEnglish,Resistance,5,1,0.49743589743589745
AlJazeeraEnglish,Resistance,5,2,0.5282051282051282
AlJazeeraEnglish,Resistance,5,3,0.5641025641025641
AlJazeeraEnglish,Resistance,5,4,0.38461538461538464
AlJazeeraEnglish,Resistance,5,5,0.47692307692307695
AlJazeeraEnglish,Resistance,10,1,0.5894736842105263
AlJazeeraEnglish,Resistance,10,2,0.6421052631578947
AlJazeeraEnglish,Resistance,10,3,0.631578947368421
AlJazeeraEnglish,Resistance,10,4,0.43157894736842106
AlJazeeraEnglish,Resistance,10,5,0.5631578947368421
AlJazeeraEnglish,Resistance,20,1,0.5944444444444444
AlJazeeraEnglish,Resistance,20,2,0.6722222222222223
AlJazeeraEnglish,Resistance,20,3,0.65
AlJazeeraEnglish,Resistance,20,4,0.5833333333333334
AlJazeeraEnglish,Resistance,20,5,0.6055555555555555
PressTV,Resistance,0,NA,0.57
PressTV,Resistance,1,1,0.3583959899749373
PressTV,Resistance,1,2,0.6215538847117794
PressTV,Resistance,1,3,0.41854636591478694
PressTV,Resistance,1,4,0.5413533834586466
PressTV,Resistance,1,5,0.2982456140350877
PressTV,Resistance,5,1,0.6962025316455697
PressTV,Resistance,5,2,0.7417721518987341
PressTV,Resistance,5,3,0.6759493670886076
PressTV,Resistance,5,4,0.7240506329113924
PressTV,Resistance,5,5,0.8253164556962025
PressTV,Resistance,10,1,0.8153846153846154
PressTV,Resistance,10,2,0.8307692307692308
PressTV,Resistance,10,3,0.8076923076923077
PressTV,Resistance,10,4,0.8256410256410256
PressTV,Resistance,10,5,0.8076923076923077
PressTV,Resistance,20,1,0.8315789473684211
PressTV,Resistance,20,2,0.8578947368421053
PressTV,Resistance,20,3,0.8342105263157895
PressTV,Resistance,20,4,0.8763157894736842
PressTV,Resistance,20,5,0.8605263157894737
NATO,Western,0,NA,0.2583732057416268
NATO,Western,1,1,0.2548076923076923
NATO,Western,1,2,0.6442307692307693
NATO,Western,1,3,0.5144230769230769
NATO,Western,1,4,0.38461538461538464
NATO,Western,1,5,0.4855769230769231
NATO,Western,5,1,0.6666666666666666
NATO,Western,5,2,0.696078431372549
NATO,Western,5,3,0.7941176470588235
NATO,Western,5,4,0.6519607843137255
NATO,Western,5,5,0.7647058823529411
NATO,Western,10,1,0.7939698492462312
NATO,Western,10,2,0.6884422110552764
NATO,Western,10,3,0.8090452261306532
NATO,Western,10,4,0.8090452261306532
NATO,Western,10,5,0.8391959798994975
NATO,Western,20,1,0.8571428571428571
NATO,Western,20,2,0.8412698412698413
NATO,Western,20,3,0.8518518518518519
NATO,Western,20,4,0.8412698412698413
NATO,Western,20,5,0.8306878306878307
Bloomberg,Western,0,NA,0.055
Bloomberg,Western,1,1,0.07537688442211055
Bloomberg,Western,1,2,0.2613065326633166
Bloomberg,Western,1,3,0.32160804020100503
Bloomberg,Western,1,4,0.2613065326633166
Bloomberg,Western,1,5,0.44221105527638194
Bloomberg,Western,5,1,0.5487179487179488
Bloomberg,Western,5,2,0.4666666666666667
Bloomberg,Western,5,3,0.6358974358974359
Bloomberg,Western,5,4,0.48205128205128206
Bloomberg,Western,5,5,0.6205128205128205
Bloomberg,Western,10,1,0.631578947368421
Bloomberg,Western,10,2,0.5842105263157895
Bloomberg,Western,10,3,0.5894736842105263
Bloomberg,Western,10,4,0.6789473684210526
Bloomberg,Western,10,5,0.6736842105263158
Bloomberg,Western,20,1,0.6888888888888889
Bloomberg,Western,20,2,0.6888888888888889
Bloomberg,Western,20,3,0.7055555555555556
Bloomberg,Western,20,4,0.6833333333333333
Bloomberg,Western,20,5,0.6944444444444444
KremlinRussia_E,Russian,0,NA,0.5
KremlinRussia_E,Russian,1,1,0.21105527638190955
KremlinRussia_E,Russian,1,2,0.7386934673366834
KremlinRussia_E,Russian,1,3,0.628140703517588
KremlinRussia_E,Russian,1,4,0.37185929648241206
KremlinRussia_E,Russian,1,5,0.5276381909547738
KremlinRussia_E,Russian,5,1,0.8461538461538461
KremlinRussia_E,Russian,5,2,0.8923076923076924
KremlinRussia_E,Russian,5,3,0.8512820512820513
KremlinRussia_E,Russian,5,4,0.841025641025641
KremlinRussia_E,Russian,5,5,0.8923076923076924
KremlinRussia_E,Russian,10,1,0.868421052631579
KremlinRussia_E,Russian,10,2,0.9
KremlinRussia_E,Russian,10,3,0.8736842105263158
KremlinRussia_E,Russian,10,4,0.9210526315789473
KremlinRussia_E,Russian,10,5,0.9
KremlinRussia_E,Russian,20,1,0.9055555555555556
KremlinRussia_E,Russian,20,2,0.9166666666666666
KremlinRussia_E,Russian,20,3,0.9277777777777778
KremlinRussia_E,Russian,20,4,0.9444444444444444
KremlinRussia_E,Russian,20,5,0.9166666666666666
Slavyangrad,Russian,0,NA,0.22
Slavyangrad,Russian,1,1,0.08542713567839195
Slavyangrad,Russian,1,2,0.19095477386934673
Slavyangrad,Russian,1,3,0.11055276381909548
Slavyangrad,Russian,1,4,0.06532663316582915
Slavyangrad,Russian,1,5,0.08542713567839195
Slavyangrad,Russian,5,1,0.4205128205128205
Slavyangrad,Russian,5,2,0.26666666666666666
Slavyangrad,Russian,5,3,0.4717948717948718
Slavyangrad,Russian,5,4,0.2564102564102564
Slavyangrad,Russian,5,5,0.21025641025641026
Slavyangrad,Russian,10,1,0.41578947368421054
Slavyangrad,Russian,10,2,0.3473684210526316
Slavyangrad,Russian,10,3,0.43157894736842106
Slavyangrad,Russian,10,4,0.3736842105263158
Slavyangrad,Russian,10,5,0.3473684210526316
Slavyangrad,Russian,20,1,0.4111111111111111
Slavyangrad,Russian,20,2,0.4222222222222222
Slavyangrad,Russian,20,3,0.45
Slavyangrad,Russian,20,4,0.46111111111111114
Slavyangrad,Russian,20,5,0.35
Babel,Ukrainian,0,NA,0.59
Babel,Ukrainian,1,1,0.3417085427135678
Babel,Ukrainian,1,2,0.3768844221105528
Babel,Ukrainian,1,3,0.4371859296482412
Babel,Ukrainian,1,4,0.41708542713567837
Babel,Ukrainian,1,5,0.4371859296482412
Babel,Ukrainian,5,1,0.5384615384615384
Babel,Ukrainian,5,2,0.6307692307692307
Babel,Ukrainian,5,3,0.5846153846153846
Babel,Ukrainian,5,4,0.5897435897435898
Babel,Ukrainian,5,5,0.5846153846153846
Babel,Ukrainian,10,1,0.6684210526315789
Babel,Ukrainian,10,2,0.6631578947368421
Babel,Ukrainian,10,3,0.6105263157894737
Babel,Ukrainian,10,4,0.6052631578947368
Babel,Ukrainian,10,5,0.5947368421052631
Babel,Ukrainian,20,1,0.6611111111111111
Babel,Ukrainian,20,2,0.7222222222222222
Babel,Ukrainian,20,3,0.6722222222222223
Babel,Ukrainian,20,4,0.6222222222222222
Babel,Ukrainian,20,5,0.7166666666666667
United24Media,Ukrainian,0,NA,0.77
United24Media,Ukrainian,1,1,0.36683417085427134
United24Media,Ukrainian,1,2,0.17587939698492464
United24Media,Ukrainian,1,3,0.23618090452261306
United24Media,Ukrainian,1,4,0.2864321608040201
United24Media,Ukrainian,1,5,0.15577889447236182
United24Media,Ukrainian,5,1,0.717948717948718
United24Media,Ukrainian,5,2,0.5794871794871795
United24Media,Ukrainian,5,3,0.4564102564102564
United24Media,Ukrainian,5,4,0.5487179487179488
United24Media,Ukrainian,5,5,0.41025641025641024
United24Media,Ukrainian,10,1,0.7526315789473684
United24Media,Ukrainian,10,2,0.631578947368421
United24Media,Ukrainian,10,3,0.6
United24Media,Ukrainian,10,4,0.6421052631578947
United24Media,Ukrainian,10,5,0.631578947368421
United24Media,Ukrainian,20,1,0.75
United24Media,Ukrainian,20,2,0.6888888888888889
United24Media,Ukrainian,20,3,0.7444444444444445
United24Media,Ukrainian,20,4,0.6444444444444445
United24Media,Ukrainian,20,5,0.6166666666666667
ThePostMillennial,Right-wing,0,NA,0.64
ThePostMillennial,Right-wing,1,1,0.5577889447236181
ThePostMillennial,Right-wing,1,2,0.4371859296482412
ThePostMillennial,Right-wing,1,3,0.49246231155778897
ThePostMillennial,Right-wing,1,4,0.5979899497487438
ThePostMillennial,Right-wing,1,5,0.592964824120603
ThePostMillennial,Right-wing,5,1,0.8153846153846154
ThePostMillennial,Right-wing,5,2,0.8307692307692308
ThePostMillennial,Right-wing,5,3,0.7692307692307693
ThePostMillennial,Right-wing,5,4,0.7897435897435897
ThePostMillennial,Right-wing,5,5,0.7692307692307693
ThePostMillennial,Right-wing,10,1,0.8421052631578947
ThePostMillennial,Right-wing,10,2,0.8473684210526315
ThePostMillennial,Right-wing,10,3,0.8210526315789474
ThePostMillennial,Right-wing,10,4,0.8473684210526315
ThePostMillennial,Right-wing,10,5,0.8157894736842105
ThePostMillennial,Right-wing,20,1,0.8555555555555555
ThePostMillennial,Right-wing,20,2,0.8777777777777778
ThePostMillennial,Right-wing,20,3,0.85
ThePostMillennial,Right-wing,20,4,0.85
ThePostMillennial,Right-wing,20,5,0.85
TheEpochTimes,Right-wing,0,NA,0.505
TheEpochTimes,Right-wing,1,1,0.4321608040201005
TheEpochTimes,Right-wing,1,2,0.628140703517588
TheEpochTimes,Right-wing,1,3,0.6984924623115578
TheEpochTimes,Right-wing,1,4,0.27638190954773867
TheEpochTimes,Right-wing,1,5,0.6582914572864321
TheEpochTimes,Right-wing,5,1,0.7897435897435897
TheEpochTimes,Right-wing,5,2,0.8512820512820513
TheEpochTimes,Right-wing,5,3,0.7538461538461538
TheEpochTimes,Right-wing,5,4,0.7692307692307693
TheEpochTimes,Right-wing,5,5,0.8051282051282052
TheEpochTimes,Right-wing,10,1,0.9
TheEpochTimes,Right-wing,10,2,0.8526315789473684
TheEpochTimes,Right-wing,10,3,0.8421052631578947
TheEpochTimes,Right-wing,10,4,0.8578947368421053
TheEpochTimes,Right-wing,10,5,0.8315789473684211
TheEpochTimes,Right-wing,20,1,0.9055555555555556
TheEpochTimes,Right-wing,20,2,0.8666666666666667
TheEpochTimes,Right-wing,20,3,0.9277777777777778
TheEpochTimes,Right-wing,20,4,0.9222222222222223
TheEpochTimes,Right-wing,20,5,0.8611111111111112
@MiddleEastEye_TG,Left-wing,0,NA,0.03
@MiddleEastEye_TG,Left-wing,1,1,0.020100502512562814
@MiddleEastEye_TG,Left-wing,1,2,0.12060301507537688
@MiddleEastEye_TG,Left-wing,1,3,0.03015075376884422
@MiddleEastEye_TG,Left-wing,1,4,0.04020100502512563
@MiddleEastEye_TG,Left-wing,1,5,0.05527638190954774
@MiddleEastEye_TG,Left-wing,5,1,0.08205128205128205
@MiddleEastEye_TG,Left-wing,5,2,0.08717948717948718
@MiddleEastEye_TG,Left-wing,5,3,0.1076923076923077
@MiddleEastEye_TG,Left-wing,5,4,0.06666666666666667
@MiddleEastEye_TG,Left-wing,5,5,0.05128205128205128
@MiddleEastEye_TG,Left-wing,10,1,0.10526315789473684
@MiddleEastEye_TG,Left-wing,10,2,0.11578947368421053
@MiddleEastEye_TG,Left-wing,10,3,0.11578947368421053
@MiddleEastEye_TG,Left-wing,10,4,0.08947368421052632
@MiddleEastEye_TG,Left-wing,10,5,0.11052631578947368
@MiddleEastEye_TG,Left-wing,20,1,0.09444444444444444
@MiddleEastEye_TG,Left-wing,20,2,0.1111111111111111
@MiddleEastEye_TG,Left-wing,20,3,0.15
@MiddleEastEye_TG,Left-wing,20,4,0.12777777777777777
@MiddleEastEye_TG,Left-wing,20,5,0.15
ViceNews,Left-wing,0,NA,0.18
ViceNews,Left-wing,1,1,0.07537688442211055
ViceNews,Left-wing,1,2,0.08040201005025126
ViceNews,Left-wing,1,3,0.18090452261306533
ViceNews,Left-wing,1,4,0.3165829145728643
ViceNews,Left-wing,1,5,0.1457286432160804
ViceNews,Left-wing,5,1,0.2512820512820513
ViceNews,Left-wing,5,2,0.4717948717948718
ViceNews,Left-wing,5,3,0.3333333333333333
ViceNews,Left-wing,5,4,0.38461538461538464
ViceNews,Left-wing,5,5,0.49230769230769234
ViceNews,Left-wing,10,1,0.531578947368421
ViceNews,Left-wing,10,2,0.5789473684210527
ViceNews,Left-wing,10,3,0.5684210526315789
ViceNews,Left-wing,10,4,0.45789473684210524
ViceNews,Left-wing,10,5,0.4789473684210526
ViceNews,Left-wing,20,1,0.65
ViceNews,Left-wing,20,2,0.5833333333333334
ViceNews,Left-wing,20,3,0.6444444444444445
ViceNews,Left-wing,20,4,0.5777777777777777
ViceNews,Left-wing,20,5,0.6722222222222223
