cluster_id,size,type,n_distinct_normalized_texts,sample_texts
10317,11,pure_exact,1,° Marketing content ||| ° Marketing content ||| ° Marketing content
12421,7,pure_exact,1,#DailyFigure 🔹 Russian Defence Ministry ||| #DailyFigure 🔹 Russian Defence Ministry ||| #DailyFigure 🔹 Russian Defence Ministry
14606,7,near_duplicate,7,https://www.ncbi.nlm.nih.gov/pmc/articles/PMC7185831/ ||| https://www.ncbi.nlm.nih.gov/pmc/articles/PMC6108441/ ||| https://www.ncbi.nlm.nih.gov/pmc/articles/PMC7838506/
754,6,near_duplicate,4,"Zionism is basically just the national liberation movement of the Jewish people. ||| Zionism is basically just the national liberation movement of the Jewish people. ||| Zionism is basically just the national liberation movement of the Jewish people, it's that simple."
6689,5,near_duplicate,5,BREAKING: Red alert sirens sound in central Israel as the Iranian regime continues to fire missiles at Israel. ||| BREAKING: Red alert sirens sound in northern Israel as the Iranian regime continues to fire missiles at Israel. ||| BREAKING: Red alert sirens sound in central and southern Israel as the Iranian regime continues to fire missiles at Israel.
12400,5,pure_exact,1,#BreakingNews 🔹 Russian Defence Ministry ||| #BreakingNews 🔹 Russian Defence Ministry ||| #BreakingNews 🔹 Russian Defence Ministry
13696,5,near_duplicate,5,⚠ https://feed.theepochtimes.com/china/feed — I already did 77 attempts to fetch this feed and I failed every time. The last error was: The page doesn't look like a feed for me. So I'm deleting it fro ||| ⚠ https://feed.theepochtimes.com/entertainment/feed — I already did 77 attempts to fetch this feed and I failed every time. The last error was: The page doesn't look like a feed for me. So I'm deletin ||| ⚠ https://feed.theepochtimes.com/science/feed — I already did 77 attempts to fetch this feed and I failed every time. The last error was: The page doesn't look like a feed for me. So I'm deleting it f
750,4,near_duplicate,3,"Honestly, the Jewish people have a fundamental right to self-determination in their ancestral homeland, you know? ||| The Jewish people have a right to self-determination in their ancestral homeland, you know? ||| Honestly, the Jewish people have a right to self-determination in their ancestral homeland, you know?"
6753,4,near_duplicate,4,BREAKING: Red alert sirens sound across Israel as the Iranian regime continues to fire missiles at Israel. ||| BREAKING: Red alert sirens sound across southern Israel as the Iranian regime continues to fire missiles at Israel. ||| BREAKING: Red alert sirens sound across central Israel as the Iranian regime continues to fire missiles at Israel.
15259,4,near_duplicate,4,"These are the indicative estimates of Russia’s combat losses as of May 23, according to the Armed Forces of Ukraine. https://t.co/vxrH2jEyWc ||| These are the indicative estimates of Russia’s combat losses as of May 22, according to the Armed Forces of Ukraine. https://t.co/XzgsSG1oIl ||| These are the indicative estimates of Russia’s combat losses as of May 21, according to the Armed Forces of Ukraine. https://t.co/NXYxfe8eIK"
371,3,near_duplicate,2,"We’ve offered peace so many times, but it takes two to tango, right? ||| We've offered peace so many times, but it takes two to tango, right? ||| We've offered peace so many times, but it takes two to tango, right?"
418,3,near_duplicate,3,"The bond between the diaspora and Israel is just... it's unbreakable, really. ||| The bond between the diaspora and Israel is just... it's unbreakable. ||| The bond between the diaspora and Israel is just... it's unbreakable, no matter what happens."
304,3,near_duplicate,3,"Basically, Zionism is just the national liberation movement of the Jewish people, right? ||| Zionism is just the national liberation movement of the Jewish people, basically. ||| Basically, Zionism is just the national liberation movement of the Jewish people."
4209,3,near_duplicate,2,"Parents should have the final say in what their kids are learning in school, period. ||| Parents should have the final say in what their kids are learning in school, period, no questions asked. ||| Parents should have the final say in what their kids are learning in school, period."
4271,3,near_duplicate,3,"The second amendment is there for a reason, and it's definitely not just for hunting. ||| The 2nd Amendment is there for a reason, and it's definitely not just for hunting. ||| The 2nd Amendment is there for a reason, and it's definitely not just for hunting deer."
6750,3,near_duplicate,3,BREAKING: Eight people have been murdered in the Iranian regime missile attacks on central Israel. Multiple others injured. May their memories forever be a blessing.  UPDATE:  Nine people have been mu ||| BREAKING: Nine people have been murdered in the Iranian regime missile attacks on central Israel. Multiple others injured. May their memories forever be a blessing. ||| BREAKING: Eight people have been murdered in the Iranian regime missile attacks on central Israel. Multiple others injured. May their memories forever be a blessing.
14936,3,near_duplicate,2,"Breaking | Iran’s Foreign Minister Abbas Araghchi warns that neither Iranian citizens nor the nation’s insurers will be intimidated by external threats, calling for respect and restraint in dealings w ||| Breaking | Iran’s Foreign Minister Abbas Araghchi warns that neither Iranian citizens nor the nation’s insurers will be intimidated by external threats, calling for respect and restraint in dealings w ||| Breaking | Iran’s Foreign Minister Abbas Araghchi warns that neither Iranian citizens nor the nation’s insurers will be intimidated by external threats, calling for respect and restraint in dealings w"
14968,3,near_duplicate,2,Breaking | Sirens sound in several Israeli settlements in central occupied Palestine following the detection of missiles launched from Iran. ||| Breaking | Sirens sound in several Israeli settlements in southern occupied Palestine following the detection of missiles launched from Iran. ||| Breaking | Sirens sound in several Israeli settlements in central occupied Palestine following the detection of missiles launched from Iran.
8826,3,near_duplicate,3,Read more ⤵︎ ||| Read more ||| Read more:
7852,3,near_duplicate,3,Telephone conversation with President of France Emmanuel Macron  bit.ly/3AYkTCN ||| Telephone conversation with President of France Emmanuel Macron  bit.ly/3HkRGnQ ||| Telephone conversation with President of France Emmanuel Macron  bit.ly/3HaGBFT
14914,3,near_duplicate,2,Breaking | Sirens sound in central occupied Palestine following missile launches from Iran.  ©️Source🔗 ||| Breaking | Sirens sound in central occupied Palestine following missile launches from Iran.  ©️Source🔗 ||| Breaking | Sirens sound in central occupied Palestine following missile launches from Iran.
15045,3,near_duplicate,2,Breaking | Sirens sound in northern occupied Palestine following missile launches from Iran.  ©️Source🔗 ||| Breaking | Sirens sound in northern occupied Palestine following missile launches from Iran and Lebanon ||| Breaking | Sirens sound in northern occupied Palestine following missile launches from Iran and Lebanon
10043,3,near_duplicate,3,"The story of the families headquarters for the return of the abducted and missing - the family team The family team was the beating heart of the families, a source of warmth, comfort and unconditional ||| The story of the families headquarters for the return of the abducted and missing - the family team The family team was the beating heart of the families, a source of warmth, comfort and unconditional ||| The story of the families headquarters for the return of the abducted and missing - the family team The family team was the beating heart of the families, a source of warmth, comfort and unconditional"
10064,3,near_duplicate,3,"Exactly one year ago Sasha Troufanov, Iair Horn, and Sagui Dekel-Chen crossed the border and returned home. Through tears, we watched them fall into the arms of their loved ones.   Since then, we’ve w ||| Exactly one year ago Or Levy, Ohad Ben Ami, and Eli Sharabi crossed the border and returned home. Through tears, we watched them fall into the arms of their loved ones.     Since then, we’ve watched t ||| Exactly one year ago Ofer Kalderon, Yarden Bibas, and Keith Siegel crossed the border and returned home. Through tears, we watched them fall into the arms of their loved ones.   Since then, we’ve watc"
10088,3,near_duplicate,3,"One year ago today, Sasha Trupanov, Yair Horn and Shagyi Dekel Chen returned home. With tears we watched them fall into the arms of their loved ones.        Since then, they began the restoration proc ||| One year ago today, Or Levi, Ohad Ben Ami and Eli Sharabi returned home. With tears we watched them fall into the arms of their loved ones.      Since then, they began the restoration process, bravely ||| One year ago today Ofer Calderon, Jordan Biebs and Keith Siegel returned home. With tears we watched them fall into the arms of their loved ones.    Since then, they began the restoration process, bra"
11801,3,pure_exact,1,🇷🇺🇺🇦 Kharkov ||| 🇷🇺🇺🇦 Kharkov ||| 🇷🇺🇺🇦 Kharkov
13111,3,near_duplicate,2,"An explosion was heard in Sumy, Sospilny correspondents report. ||| The explosion was heard in Sumy, Sospilny correspondents report. ||| An explosion was heard in Sumy, Sospilny correspondents report."
13091,3,pure_exact,1,Kyiv is the repulse of the air alarm. ||| Kyiv is the repulse of the air alarm. ||| Kyiv is the repulse of the air alarm.
13082,3,pure_exact,1,Kyiv — air alarm. ||| Kyiv — air alarm. ||| Kyiv — air alarm.
667,2,near_duplicate,2,"You know, Zionism is actually quite diverse—there are religious Zionists, secular ones, all kinds. ||| You know, Zionism is actually quite diverse; there are religious Zionists, secular ones, all kinds."
539,2,near_duplicate,2,I think it's beautiful how people from all over the world come together here. ||| I think it's beautiful how people from all over the world come together there.
663,2,near_duplicate,2,"I really believe that a strong Israel makes the whole world safer for Jews everywhere. ||| I really believe that a strong Israel makes the whole world safer, honestly."
606,2,pure_exact,1,"Zionism is basically just the national liberation movement of the Jewish people, if you think about it. ||| Zionism is basically just the national liberation movement of the Jewish people, if you think about it."
521,2,near_duplicate,2,It’s just about having a place where we aren't a minority for once in two thousand years. ||| It’s just about having a place where we aren’t a minority for once.
608,2,near_duplicate,2,"I mean, where else are we supposed to go when things get bad elsewhere? ||| Like, where else are we supposed to go when things get bad elsewhere?"
1269,2,pure_exact,1,"We're not asking for permission to be free. We're taking our freedom back, by any means necessary. ||| We're not asking for permission to be free. We're taking our freedom back, by any means necessary."
1225,2,near_duplicate,2,"From the river to the sea, Palestine will be free. It's not just a slogan, it's a promise. ||| From the river to the sea, Palestine will be free. It's not a slogan; it's a promise."
1326,2,near_duplicate,2,"They can sanction us, they can threaten us, but they can't break our spirit. Never. ||| They can sanction us, they can threaten us, but they can't break our spirit."
1577,2,near_duplicate,2,"From the river to the sea, Palestine will be free! That's the only solution. ||| From the river to the sea, Palestine will be free! That's the only acceptable outcome."
1234,2,near_duplicate,2,"The global south is waking up to the realities of Western imperialism, and that's a good thing. ||| The global south is waking up to the realities of Western imperialism, and that's a good thing, really."
1443,2,pure_exact,1,The 'deal of the century'? More like the betrayal of the century. We reject it completely. ||| The 'deal of the century'? More like the betrayal of the century. We reject it completely.
1316,2,pure_exact,1,The so-called 'peace deals' are just thinly veiled attempts to normalize occupation. We reject them. ||| The so-called 'peace deals' are just thinly veiled attempts to normalize occupation. We reject them.
2944,2,near_duplicate,2,"Honestly, the world needs a strong Russia to balance things out. Otherwise, it's just chaos. ||| The world needs a strong Russia to balance things out. Otherwise, it's just chaos."
3326,2,near_duplicate,2,We're not just fighting for ourselves; we're fighting for the security of all democratic nations. ||| We're not just fighting for ourselves; we're fighting for the security of all of Europe.
3695,2,near_duplicate,2,"The world is finally seeing the real Ukraine, not just some post-Soviet shadow. ||| The world is finally seeing the real Ukraine, not just some post-Soviet shadow in the background."
3700,2,near_duplicate,2,"Honestly, we never asked for this war, we just wanted to live in peace on our own land, you know? ||| Honestly, we never asked for this war, we just wanted to live in peace on our own land."
3824,2,near_duplicate,2,"They thought they could take Kyiv in three days, lol. Look at them now. ||| The invaders thought they could take Kyiv in three days, lol, look at them now."
3866,2,near_duplicate,2,"We want peace, but peace without justice is just a pause before the next war starts. ||| We want peace, but peace without justice is just a pause before the next invasion."
4785,2,near_duplicate,2,The government shouldn't be picking winners and losers in the economy. Let the free market decide. ||| The government shouldn't be picking winners and losers in the economy; let the market decide.
4250,2,near_duplicate,2,"We need to shut down the border right now, it's just common sense folks. ||| We seriously need to shut down the border right now, it's just common sense folks."
4153,2,near_duplicate,2,"Small businesses are the backbone of this country, we need less regulation and more freedom. ||| Small businesses are the backbone of this country, we need less regulation and more freedom to grow."
4155,2,near_duplicate,2,"The nuclear family is the foundation of a strong society, we gotta get back to basics. ||| The nuclear family is the foundation of a strong society, we gotta get back to those core values."
4165,2,near_duplicate,2,"Socialism has failed everywhere it's been tried, why on earth would we want it here? ||| Socialism has failed everywhere it’s ever been tried, why on earth would we want it here?"
4246,2,near_duplicate,2,"School choice is the civil rights issue of our time, every kid deserves a shot at a good education. ||| School choice is the civil rights issue of our time, every kid deserves a good education."
4266,2,near_duplicate,2,"Capitalism has lifted more people out of poverty than any other system in human history, period. ||| Capitalism has lifted more people out of poverty than any other system in human history."
4253,2,near_duplicate,2,Small business owners are getting absolutely crushed by all these crazy regulations. ||| Small business owners are getting absolutely crushed by all these crazy government regulations.
4789,2,near_duplicate,2,"Let people keep more of their own money. They know how to spend it better than Washington does. ||| Let people keep more of their own money. They know how to spend it better than any bureaucrat, trust me."
5301,2,pure_exact,1,"Healthcare is a human right, period. Why are we still debating this in 2024? ||| Healthcare is a human right, period. Why are we still debating this in 2024?"
5416,2,pure_exact,1,"Reproductive rights are non-negotiable. My body, my choice, always. ||| Reproductive rights are non-negotiable. My body, my choice, always."
5067,2,near_duplicate,2,"Honestly, the wealth gap is just... it's disgusting at this point. ||| The wealth gap is just... it's disgusting at this point."
5310,2,near_duplicate,2,It’s wild that we live in the richest country in history and people still go bankrupt from medical bills. ||| It's wild that we live in the richest country in history and people still go bankrupt over medical bills.
5129,2,pure_exact,1,"Education should be a public good, from pre-K all the way through college. ||| education should be a public good, from pre-k all the way through college."
5420,2,near_duplicate,2,"Intersectionality isn't just a buzzword, it's how we actually win. ||| Intersectionality isn't just a buzzword, it's how we actually win for everyone."
5336,2,near_duplicate,2,"Clean water is a human right, look at what happened in Flint and Jackson. ||| Clean water is a human right—look at what happened in Flint and Jackson and tell me otherwise."
5253,2,near_duplicate,2,"systemic racism isn't just a buzzword, it's baked into every single institution in this country. ||| Systemic racism isn't just a buzzword, it's baked into every single institution in this country and we have to dismantle it."
5172,2,near_duplicate,2,"corporate greed is the primary driver of inflation, don't let them tell you otherwise. ||| Corporate greed is the primary driver of inflation, don't let them tell you otherwise on the news."
5286,2,near_duplicate,2,End the filibuster so we can actually pass the legislation that the majority of people in this country actually want. ||| We need to end the filibuster so we can actually pass the legislation that the majority of people in this country want.
5900,2,near_duplicate,2,It’s not politics when it’s your home. ||| It’s not politics when it's your family.
6056,2,pure_exact,1,תגובה: nobody wants another collapse. ||| תגובה: nobody wants another collapse.
6151,2,near_duplicate,2,"תגובה: independence isn’t negotiable. ||| תגובה: independence isn’t negotiable, period."
6065,2,pure_exact,1,"Everyone knows someone affected, everyone. ||| Everyone knows someone affected, everyone."
6172,2,pure_exact,1,תגובה: fairness shouldn’t be controversial. ||| תגובה: fairness shouldn’t be controversial.
6812,2,pure_exact,1,"We wish Eid al-Fitr Mubarak to all our Muslim friends in Israel and around the world  #EidMubarak. May this holiday bring peace, joy, and shared hope for brighter days ahead. ||| We wish Eid al-Fitr Mubarak to all our Muslim friends in Israel and around the world  #EidMubarak. May this holiday bring peace, joy, and shared hope for brighter days ahead."
6883,2,pure_exact,1,INTELLIGENCE REVEALS: BROTHER OF TERRORIST BEHIND U.S. SYNAGOGUE ATTACK WAS A HEZBOLLAH TERRORIST  Hezbollah commander Ibrahim Muhammad Ghazali was responsible for managing weapons operations within a ||| INTELLIGENCE REVEALS: BROTHER OF TERRORIST BEHIND U.S. SYNAGOGUE ATTACK WAS A HEZBOLLAH TERRORIST  Hezbollah commander Ibrahim Muhammad Ghazali was responsible for managing weapons operations within a
6692,2,pure_exact,1,POV: you’re an IDF pilot otw to Tehran ||| POV: you’re an IDF pilot otw to Tehran
6742,2,near_duplicate,2,"In under 6 days, the Iranian regime has targeted 13 countries with missiles and drones. The Iranian regime isn’t just a threat to Israel; it’s a threat to the entire world. The regime’s ongoing missil ||| In just 36 hours, the Iranian regime has targeted 11 countries with missiles and drones.  The Iranian regime isn’t just a threat to Israel; it’s a threat to the entire world. The regime’s ongoing miss"
6714,2,near_duplicate,2,BREAKING: Red alert sirens sound in northern Israel as Hezbollah and the Iranian regime continue to fire rockets and missiles at Israel. ||| BREAKING: Red alert sirens sound in northern and central Israel as Hezbollah and the Iranian regime continue to fire rockets and missiles at Israel.
6718,2,near_duplicate,2,"Resilience in Israel  As ballistic missiles from the Iranian regime are fired at Israeli cities and sirens sound, life goes on. A couple holds their wedding in an underground parking lot converted int ||| Resilience in Israel  As ballistic missiles from the Iranian regime are fired at Israeli cities and sirens sound, life goes on. A couple dances during their wedding ceremony in an underground parking "
6756,2,near_duplicate,2,Update from central Israel following a direct hit from an Iranian regime ballistic missile. Twenty-one people injured thus far including 1 critically and 1 seriously.  Credit:  @AFMDA ||| BREAKING VIDEO: Scene from central Israel following a direct hit from an Iranian regime ballistic missile. Twenty-one people injured thus far including 1 critically and 1 seriously.
6968,2,near_duplicate,2,"In the Name of God, the Compassionate, the Merciful  Among the faithful are men who fulfill what they have pledged to Allah: there are some among them who have fulfilled their pledge, and some of them ||| In the Name of God, the Compassionate, the Merciful  Among the faithful are men who fulfill what they have pledged to Allah: there are some among them who have fulfilled their pledge, and some of them"
14717,2,near_duplicate,2,"Iranians attend the funeral of the 20-day-old toddler Mohammad Ali Kiyalha, who was martyred in US-Israeli strikes.  Follow:  t.me/presstv ||| Iranians attend the funeral of the 20-day-old toddler Mohammad Ali Kiyalha who was martyred in US-Israeli strikes.  @PressTV"
14719,2,near_duplicate,2,Israeli Broadcasting Authority: The regime's army has started using INAACURATE ammunition stored for half a century to 'strike military bases' in Iran.  Follow  t.me/presstv ||| 🔺  Israeli Broadcasting Authority: The regime's army has started using INAACURATE ammunition stored for half a century to 'strike military bases' in Iran.  @PressTV
14735,2,near_duplicate,2,"Parliament Speaker Mohammad Baqer Qalibaf: Alongside military bases, those financial entities that finance the US military budget are legitimate targets.  Follow:  t.me/presstv ||| Parliament Speaker Mohammad Baqer Qalibaf: Alongside military bases, those financial entities that finance the US military budget are legitimate targets.  @PressTV"
14738,2,near_duplicate,2,Clashes erupt as hundreds of ultra-Orthodox Jews protest against the Israeli regime's military draft.  Follow:  t.me/presstv ||| Clashes erupt as hundreds of ultra-Orthodox Jews protest against the Israeli regime's military draft.  @PressTV
14739,2,near_duplicate,2,"Photos show Iranians honoring the memory of their martyred Leader, Ayatollah Seyyed Ali Khamenei.  Follow:  t.me/presstv ||| Photos show Iranians honoring the memory of their martyred Leader, Ayatollah Seyyed Ali Khamenei.  @PressTV"
14744,2,near_duplicate,2,"In the city of Kashan, a huge crowd attended the funeral procession of IRGC spokesman Brigadier General Ali Mohammad Naeini, who was assassinated in US-Israeli raids.  Follow:  t.me/presstv ||| In the city of Kashan, a huge crowd attended the funeral procession of IRGC spokesman Brigadier General Ali Mohammad Naeini, who was assassinated in US-Israeli raids.  @PressTV"
14759,2,near_duplicate,2,Rescue teams pulled out the lifeless bodies of two Iranian children from the rubble of a residential building following US-Israeli attacks on Tabriz.    Follow:  t.me/presstv ||| Rescue teams pulled out the lifeless bodies of two Iranian children from the rubble of a residential building following US-Israeli attacks on Tabriz.  @PressTV
14760,2,near_duplicate,2,Spokesperson of Iran's Khatam al-Anbiya Central Headquarters: The strikes by the armed forces will continue  Follow:  t.me/presstv ||| Spokesperson of Iran's Khatam al-Anbiya Central Headquarters: The strikes by the armed forces will continue  @PressTV
7214,2,near_duplicate,2,Iranian missiles make direct impacts across occupied territories  Follow:  t.me/presstv ||| CCTV footage shows Iranian missiles make direct impacts across occupied territories  Follow  t.me/presstv
14745,2,near_duplicate,2,"""They miscalculated BIG TIME!"" @s_m_marandi  says the US's miscalculations in its war on Iran show their intelligence is not as good as they claim. ||| ""They miscalculated BIG TIME!""  Professor Marandi says the US's miscalculations in its war on Iran show their intelligence is not as good as they claim.   @Unscripted_PTV"
14764,2,near_duplicate,2,Large explosions reported in Tel Aviv after new wave of Iran retaliatory missile strikes  Follow:  t.me/presstv ||| Large explosions reported in Tel Aviv after new wave of Iran retaliatory missile strikes  @PressTV
14780,2,near_duplicate,2,"Parliament Speaker Mohammad Baqer Qalibaf: Vital energy, oil facility in region to be destroyed irreversibly if Iran infrastructure hit  Follow:  t.me/presstv ||| Parliament Speaker Mohammad Baqer Qalibaf: Vital energy, oil facility in region to be destroyed irreversibly if Iran infrastructure hit  @PressTV"
14775,2,near_duplicate,2,"Iran IMO envoy: Foreign ships can transit Hormuz Strait with Iran approval, Strait closed to enemies  Follow:  t.me/presstv ||| Iran IMO envoy: Foreign ships can transit Hormuz Strait with Iran approval, Strait closed to enemies  @PressTV"
14777,2,near_duplicate,2,Netanyahu calls on world leaders to join US-Israeli war on Iran  So much for 'winning' the war...  Follow  t.me/presstv ||| Netanyahu calls on world leaders to join US-Israeli war on Iran  So much for 'winning' the war...  @PressTV
14778,2,near_duplicate,2,Financial Times: US-Israeli war on Iran leaves US oil and gas dealmaking 'in paralysis'. ||| 🛢Financial Times: US-Israeli war on Iran leaves US oil and gas dealmaking 'in paralysis'.   @PressTV
14779,2,near_duplicate,2,"Iran says carried out wave 74 of True Promise 4 operation, targeting US, Israeli positions in region  Follow:  t.me/presstv ||| Iran says carried out wave 74 of True Promise 4 operation, targeting US, Israeli positions in region  @PressTV"
14799,2,near_duplicate,2,"US Senator Chris Van Hollen sarcastically thanks Trump for the rise in gas prices:   ""Gas prices at one of my local stations in Maryland, today. All thanks to Donald Trump.""  Follow:  T.me/presstv ||| US Senator Chris Van Hollen sarcastically thanks Trump for the rise in gas prices:   ""Gas prices at one of my local stations in Maryland, today. All thanks to Donald Trump.""  @PressTV"
14801,2,near_duplicate,2,A funeral ceremony is underway for the martyred sailors of the IRIS Dena in Bandar Abbas  Follow:  T.me/presstv ||| A funeral ceremony is underway for the martyred sailors of the IRIS Dena in Bandar Abbas  @PressTV
14802,2,near_duplicate,2,Blasts reported in Cuban capital Havana with fires glowing in the distance ||| Blasts reported in Cuban capital Havana with fires glowing in the distance  @PressTV
14816,2,near_duplicate,2,"US Rep. Don Beyer on Trump's threats against Iran's power plants:   ""It's important not to shy away from candidly discussing the President's increasingly erratic behavior. His worsening instability is ||| US Representative Don Beyer on Trump's threats against Iran's power plants:   ""It's important not to shy away from candidly discussing the President's increasingly erratic behavior. His worsening inst"
14819,2,near_duplicate,2,"Iranian national security analyst Mahdi Mohammadi:   ""In the 12-day war, the war ended just as Israel’s stock of interceptor missiles ran out. This time, with their missile defenses completely deplete ||| Iranian national security analyst Mahdi Mohammadi:   ""In the 12-day war, war ended just as Israel’s stock of interceptor missiles ran out. This time, with their missile defenses completely depleted, t"
14823,2,near_duplicate,2,"Al-Qassam Brigades military spokesperson:   Today, Iran stands on the frontlines defending the entire Islamic Ummah.   The Zionist enemy understands only the language of force and reciprocal response, ||| 🔴 Al-Qassam Brigades military spokesperson:  🔺 Today, Iran stands on the frontlines defending the entire Islamic Ummah.  🔺 The Zionist enemy understands only the language of force and reciprocal respo"
14836,2,near_duplicate,2,"Rescue teams are still searching for people trapped under rubble in Arad, southern occupied Palestine, after Iranian missile strikes.  Follow:  T.me/presstv ||| Rescue teams are still searching for people trapped under rubble in Arad, southern occupied Palestine, after Iranian missile strikes.  @PressTV"
14840,2,near_duplicate,2,"Reports of heavy explosions at US bases in Saudi Arabia and Kuwait:   Blasts were heard at Prince Sultan Air Base near Riyadh, reportedly from drone and missile strikes.   In Kuwait, sirens sounded be ||| 🔴 Reports of heavy explosions at US bases in Saudi Arabia and Kuwait:  🔺 Blasts were heard at Prince Sultan Air Base near Riyadh, reportedly from drone and missile strikes.  🔺 In Kuwait, sirens sounde"
14841,2,near_duplicate,2,"US journalist Ethan Levins on Iran's missile capabilities:  All the damage today in Israel is because of 2 missiles.   Yes, you read that right.  Iran has thousands more… ||| US journalist Ethan Levins on Iran's missile capabilities:  All the damage today in Israel is because of 2 missiles.   Yes, you read that right.  Iran has thousands more…  @PressTV"
14842,2,near_duplicate,2,"Trump threatens to attack Iran's power plants if it does not open Strait of Hormuz in 48 hours   Iran warns all US, Israeli energy, IT, desalination facilities in region will be targeted if its fuel,  ||| 🔴 Trump threatens to attack Iran's power plants if it does not open Strait of Hormuz in 48 hours  🔺 Iran warns all US, Israeli energy, IT, desalination facilities in region will be targeted if its fue"
14843,2,near_duplicate,2,"The Second Explosion  A deadly double airstrike hits a crowded street in Tehran, striking again to target rescuers as they rush in—while survivors and Red Crescent teams battle chaos, rubble, and loss ||| 🎥 The Second Explosion  🔻A deadly double airstrike hits a crowded street in Tehran, striking again to target rescuers as they rush in—while survivors and Red Crescent teams battle chaos, rubble, and l"
14844,2,near_duplicate,2,"Several injuries reported after Israeli settlers storm the Palestinian town of Jalud, south of Nablus in the occupied West Bank, assaulting residents and setting their properties ablaze.  Follow Press ||| ▶️ Several injuries reported after Israeli settlers storm the Palestinian town of Jalud, south of Nablus in the occupied West Bank, assaulting residents and setting their properties ablaze.  @PressTV"
14918,2,pure_exact,1,Breaking | Israeli media reports 48 soldiers injured during ground clashes with Hezbollah. ||| Breaking | Israeli media reports 48 soldiers injured during ground clashes with Hezbollah.
14928,2,pure_exact,1,"Breaking | Three Palestinians were reported injured, as an initial toll, following the Israeli airstrike on a residential apartment in Gaza City ||| Breaking | Three Palestinians were reported injured, as an initial toll, following the Israeli airstrike on a residential apartment in Gaza City"
14930,2,pure_exact,1,Breaking | An Israeli airstrike hit a residential apartment in Al-Yarmouk street of Gaza City ||| Breaking | An Israeli airstrike hit a residential apartment in Al-Yarmouk street of Gaza City
14932,2,pure_exact,1,"NEW | i24 reports that U.S. President Donald Trump intends to visit ""Israel"" next April to receive the ""Israel Prize"". ||| NEW | i24 reports that U.S. President Donald Trump intends to visit ""Israel"" next April to receive the ""Israel Prize""."
14933,2,pure_exact,1,"Spanish Transport Minister Óscar Puente, responding to Netanyahu’s attempt to drag Europe into war against Iran:  “We will not take a single step with you, you genocidal butcher. Do you understand tha ||| Spanish Transport Minister Óscar Puente, responding to Netanyahu’s attempt to drag Europe into war against Iran:  “We will not take a single step with you, you genocidal butcher. Do you understand tha"
14934,2,pure_exact,1,"IRGC missiles with messages painted thanking protesters in London opposing the war, as well as the Spanish Prime Minister for condemning the war’s legitimacy. ||| IRGC missiles with messages painted thanking protesters in London opposing the war, as well as the Spanish Prime Minister for condemning the war’s legitimacy."
14935,2,pure_exact,1,"Breaking | US-Israeli attacks on Tehran, the capital of Iran. ||| Breaking | US-Israeli attacks on Tehran, the capital of Iran."
14946,2,near_duplicate,2,"The cost of US President Donald Trump’s Israeli war on Iran has surged to $1.3 million per minute, as shifting objectives and rising domestic pressure raise urgent questions about strategy, priorities ||| The cost of US President Donald Trump’s Israeli war on Iran has surged to $1.3 million per minute, as shifting objectives and rising domestic pressure raise urgent questions about strategy, priorities"
14947,2,pure_exact,1,Breaking | Israeli occupation naval boats open fire towards Palestinian fishermen off Gaza coast. ||| Breaking | Israeli occupation naval boats open fire towards Palestinian fishermen off Gaza coast.
14951,2,near_duplicate,2,"French ICC judge Nicolas Guillou says he has faced personal consequences after being targeted by Donald Trump following the ICC’s arrest warrant for ICC-wanted Netanyahu.   Speaking in The Hague, Guil ||| French ICC judge Nicolas Guillou says he has faced personal consequences after being targeted by Donald Trump following the ICC’s arrest warrant for ICC-wanted Netanyahu.   Speaking in The Hague, Guil"
14952,2,pure_exact,1,Breaking | Israeli settler militias attack the village of Deir Al-Hatab near Nablus in the occupied West Bank. ||| Breaking | Israeli settler militias attack the village of Deir Al-Hatab near Nablus in the occupied West Bank.
14953,2,pure_exact,1,"Rescue teams retrieve the dead bodies of several children who were brutally massacred by US-Israeli coalition airstrikes in Tabriz, Iran. ||| Rescue teams retrieve the dead bodies of several children who were brutally massacred by US-Israeli coalition airstrikes in Tabriz, Iran."
14966,2,near_duplicate,2,"Judges have cleared the chief prosecutor of the International Criminal Court (ICC), Karim Khan, of all wrongdoing after an investigation into alleged sexual misconduct. Further details here.   1/2 ||| Judges have cleared the chief prosecutor of the International Criminal Court (ICC), Karim Khan, of all wrongdoing after an investigation into alleged sexual misconduct. Further details here."
14967,2,pure_exact,1,Breaking | Israeli occupation forces destroy the Qasmiyeh Bridge over the Litani River in southern Lebanon. ||| Breaking | Israeli occupation forces destroy the Qasmiyeh Bridge over the Litani River in southern Lebanon.
14969,2,pure_exact,1,Breaking | Israeli fighter jets launch a series of airstrikes targeting multiple towns and areas in the Nabatieh district of southern Lebanon. ||| Breaking | Israeli fighter jets launch a series of airstrikes targeting multiple towns and areas in the Nabatieh district of southern Lebanon.
14970,2,pure_exact,1,Breaking | Israeli forces bombard the town of Kafr Tabnite in southern Lebanon. ||| Breaking | Israeli forces bombard the town of Kafr Tabnite in southern Lebanon.
14971,2,pure_exact,1,"Breaking | Amid an ongoing ground offensive, Israeli occupation forces blow up several homes in the town of Khiam in southern Lebanon, according to local sources. ||| Breaking | Amid an ongoing ground offensive, Israeli occupation forces blow up several homes in the town of Khiam in southern Lebanon, according to local sources."
14972,2,pure_exact,1,"Breaking | Israeli artillery shells the towns of Ainata and Hanine, as well as the outskirts of Bint Jbeil, in southern Lebanon. ||| Breaking | Israeli artillery shells the towns of Ainata and Hanine, as well as the outskirts of Bint Jbeil, in southern Lebanon."
14973,2,near_duplicate,2,"A US-operated Patriot missile was behind the blast that tore through a Bahraini neighborhood, injuring 32 people, including children, raising urgent questions about risks of embedding US military infr ||| A US-operated Patriot missile was behind the blast that tore through a Bahraini neighborhood, injuring 32 people, including children, raising urgent questions about risks of embedding US military infr"
14986,2,pure_exact,1,Breaking | Israeli occupation authorities warn settlers of incoming missile fire toward central occupied Palestine and instruct them to immediately head to shelters. ||| Breaking | Israeli occupation authorities warn settlers of incoming missile fire toward central occupied Palestine and instruct them to immediately head to shelters.
14987,2,pure_exact,1,"Several casualties were reported this morning and widespread destruction was caused by U.S.–Israeli airstrikes on the village of Dastak in Gilan Province, Iran. ||| Several casualties were reported this morning and widespread destruction was caused by U.S.–Israeli airstrikes on the village of Dastak in Gilan Province, Iran."
14988,2,pure_exact,1,"Breaking | Israeli fighter jets launch airstrikes targeting the eastern areas of the town of Khiam in southern Lebanon, according to local sources. ||| Breaking | Israeli fighter jets launch airstrikes targeting the eastern areas of the town of Khiam in southern Lebanon, according to local sources."
14989,2,pure_exact,1,"Breaking | US-Israeli coalition warplanes launch airstrikes targeting multiple locations in Isfahan, Iran. ||| Breaking | US-Israeli coalition warplanes launch airstrikes targeting multiple locations in Isfahan, Iran."
14990,2,pure_exact,1,"US-Israeli attacks on Iran are taking a heavy toll on civilians there. One family has been searching for their brother, a week after an air strike reduced his supermarket to rubble in the capital Tehr ||| US-Israeli attacks on Iran are taking a heavy toll on civilians there. One family has been searching for their brother, a week after an air strike reduced his supermarket to rubble in the capital Tehr"
14991,2,pure_exact,1,"Breaking | Israeli warplanes carry out an airstrike on the town of Machghara in the Bekaa District, eastern Lebanon. ||| Breaking | Israeli warplanes carry out an airstrike on the town of Machghara in the Bekaa District, eastern Lebanon."
14992,2,pure_exact,1,"Breaking | An airstrike carried out by US-Israeli coalition warplanes targets a site in the city of Isfahan, Iran. ||| Breaking | An airstrike carried out by US-Israeli coalition warplanes targets a site in the city of Isfahan, Iran."
14993,2,pure_exact,1,"Several vehicles and the village council headquarters were set on fire last night in an attack carried out by Israeli settler militias on the village of Jalud, southeast of Nablus, in the occupied Wes ||| Several vehicles and the village council headquarters were set on fire last night in an attack carried out by Israeli settler militias on the village of Jalud, southeast of Nablus, in the occupied Wes"
14995,2,pure_exact,1,Breaking | Sirens blare in central occupied Palestine following the detection of missiles launched from Iran. ||| Breaking | Sirens blare in central occupied Palestine following the detection of missiles launched from Iran.
15007,2,pure_exact,1,Breaking | Fire erupts inside the U.S. Victoria Base near Baghdad International Airport in Iraq after being targeted. ||| Breaking | Fire erupts inside the U.S. Victoria Base near Baghdad International Airport in Iraq after being targeted.
15008,2,near_duplicate,2,Breaking | In response to threats by U.S. President Donald Trump:  the official spokesperson of Iran’s Khatam al-Anbiya Central Headquarters warned that if the enemy targets Iran’s fuel and energy inf ||| Breaking | In response to threats by U.S. President Donald Trump:  the official spokesperson of Iran’s Khatam al-Anbiya Central Headquarters warned that if the enemy targets Iran’s fuel and energy inf
15009,2,pure_exact,1,Breaking | Israeli tanks open fire toward the northeastern areas of Gaza City. ||| Breaking | Israeli tanks open fire toward the northeastern areas of Gaza City.
15010,2,near_duplicate,2,"Missiles rained down on Arad and southern Israel, raising urgent questions: were these strikes aimed really at the city itself?   Here is what Iran probably targeted in southern Israel. ||| Missiles rained down on Arad and southern Israel, raising urgent questions: were these strikes aimed really at the city itself?   Here is what Iran probably targeted in southern Israel.  https://qudsn"
15011,2,near_duplicate,2,Breaking | Sirens sound near the Lebanese border following drone infiltrations. ||| Breaking | Sirens sound near the Lebanese border following drone infiltrations
15013,2,pure_exact,1,"Breaking | President Trump gives Iran 48-hour ultimatum to open Strait of Hormuz or else the U.S. military will ""obliterate"" various power plants. ||| Breaking | President Trump gives Iran 48-hour ultimatum to open Strait of Hormuz or else the U.S. military will ""obliterate"" various power plants."
15014,2,pure_exact,1,Yemeni Cartoonist Kamal Sharaf on the latest Iranian strikes on occupied Palestine ||| Yemeni Cartoonist Kamal Sharaf on the latest Iranian strikes on occupied Palestine
15028,2,pure_exact,1,Breaking | ICC-wanted war criminal Benjamin Netanyahu:  This is a very difficult evening in the campaign for our future.   We are determined to continue to strike our enemies on all fronts. ||| Breaking | ICC-wanted war criminal Benjamin Netanyahu:  This is a very difficult evening in the campaign for our future.   We are determined to continue to strike our enemies on all fronts.
15029,2,near_duplicate,2,"Breaking | Large numbers of Israeli rescue teams have been deployed to the site of the Iranian missile strike in Arad to search for the trapped and injured.  According to Israeli Channel 12, the strik ||| Breaking | Large numbers of Israeli rescue teams have been deployed to the site of the Iranian missile strike in Arad to search for the trapped and injured.  According to Israeli Channel 12, the strik"
15030,2,pure_exact,1,Breaking | Israeli artillery shells the eastern areas of Khan Younis city in the southern Gaza Strip ||| Breaking | Israeli artillery shells the eastern areas of Khan Younis city in the southern Gaza Strip
15031,2,pure_exact,1,"Breaking | A 53-year-old Palestinian man was shot in the neck and chest, and another 54-year-old Palestinian man was injured in the foot by Israeli occupation forces in Tulkarem, according to the Pale ||| Breaking | A 53-year-old Palestinian man was shot in the neck and chest, and another 54-year-old Palestinian man was injured in the foot by Israeli occupation forces in Tulkarem, according to the Pale"
15032,2,pure_exact,1,Breaking | A senior Iranian official told Al Jazeera that Iran is not responsible for the missile strikes on Diego Garcia military base. ||| Breaking | A senior Iranian official told Al Jazeera that Iran is not responsible for the missile strikes on Diego Garcia military base.
15033,2,near_duplicate,2,"Judges at the International Criminal Court have cleared prosecutor Karim Khan of sexual misconduct allegations, concluding that the evidence does not support claims of wrongdoing after a months-long r ||| Judges at the International Criminal Court have cleared prosecutor Karim Khan of sexual misconduct allegations, concluding that the evidence does not support claims of wrongdoing after a months-long r"
15034,2,pure_exact,1,"Breaking | Israeli settler militias burn Palestinian homes in the village of Al-Fandkoumiya, south of Jenin in the occupied West Bank ||| Breaking | Israeli settler militias burn Palestinian homes in the village of Al-Fandkoumiya, south of Jenin in the occupied West Bank"
15046,2,pure_exact,1,"Breaking | Massive destruction in Arad, southern occupied Palestine following Iranian missile strikes ||| Breaking | Massive destruction in Arad, southern occupied Palestine following Iranian missile strikes"
15047,2,pure_exact,1,Breaking | Direct Iranian impact in southern occupied Palestine ||| Breaking | Direct Iranian impact in southern occupied Palestine
15048,2,pure_exact,1,Breaking | Saudi Arabia orders Iranian embassy staff to leave the country within 24 hours. ||| Breaking | Saudi Arabia orders Iranian embassy staff to leave the country within 24 hours.
15049,2,pure_exact,1,Breaking | Iranian missiles spotted over occupied Palestine heading toward Israeli targets ||| Breaking | Iranian missiles spotted over occupied Palestine heading toward Israeli targets
15050,2,pure_exact,1,Breaking | Sirens sound in southern occupied Palestine following missile launches from Iran ||| Breaking | Sirens sound in southern occupied Palestine following missile launches from Iran
15052,2,pure_exact,1,"Breaking | MEE reports that Judges have cleared ICC Prosecutor Karim Khan of sexual misconduct allegations, with a panel appointed by the court’s governing body stating that a UN investigation found n ||| Breaking | MEE reports that Judges have cleared ICC Prosecutor Karim Khan of sexual misconduct allegations, with a panel appointed by the court’s governing body stating that a UN investigation found n"
15053,2,pure_exact,1,Breaking | The number of Israeli settlers injured following the Iranian strikes on Dimona has risen to 51 ||| Breaking | The number of Israeli settlers injured following the Iranian strikes on Dimona has risen to 51
7455,2,near_duplicate,2,Watch the full video: ||| Watch the full video ↓
7552,2,near_duplicate,2,"This is Eastern Sentry    A multi-domain activity NATO launched in response to threats from the sky, that makes clear we are always ready to defend ||| This is Eastern Sentry    A multi-domain activity NATO launched in response to threats from drones that makes clear we are always ready to defend"
7588,2,near_duplicate,2,"We are boosting defence production, but we need to be ready to produce more, faster, and together for a safer and more prosperous future for us all ||| We are boosting defence production, but we need to be ready to produce more, faster, and together for a safer and more prosperous future for us all  #NIF25 |  @NATO_ACT"
7943,2,near_duplicate,2,Telephone conversation with President of South Africa Cyril Ramaphosa ||| Telephone conversation with President of South Africa Cyril Ramaphosa  bit.ly/3dHCaFn
7899,2,near_duplicate,2,Telephone conversation with President of Egypt Abdel Fattah el-Sisi ||| Telephone conversation with President of Egypt Abdel Fattah el-Sisi  bit.ly/3szEKpG
7790,2,near_duplicate,2,Telephone conversation with Prime Minister of India Narendra Modi  bit.ly/3HCGimX ||| Telephone conversation with Prime Minister of India Narendra Modi
7881,2,near_duplicate,2,Telephone conversation with President of Kazakhstan Kassym-Jomart Tokayev  bit.ly/3tqLWTU ||| Telephone conversation with President of Kazakhstan Kassym-Jomart Tokayev  bit.ly/31IjbII
7873,2,near_duplicate,2,Meeting with Defence Minister Sergei Shoigu  bit.ly/3BiRMKL ||| Meeting with Defence Minister Sergei Shoigu  bit.ly/3zVkqRm
8152,2,near_duplicate,2,#LIVE: Briefing by Russia's Foreign Ministry Spokeswoman Maria Zakharova on topical foreign policy issues ||| #LIVE: Briefing by Russia's Foreign Ministry Spokeswoman Maria Zakharova on topical foreign policy issues  x.com/i/broadcasts/1 …
8622,2,near_duplicate,2,"Over the past week, Russia launched nearly 1,550 attack drones against Ukraine, more than 1,260 guided aerial bombs, and two missiles. Over that same week, due to the easing of sanctions, Russia incre ||| President  @ZelenskyyUa : Over the past week, Russia launched nearly 1,550 attack drones against Ukraine, more than 1,260 guided aerial bombs, and two missiles. Over that same week, due to the easing "
8634,2,near_duplicate,2,"Over the past week alone, the Russians struck Ukraine with 1,770 attack drones, more than 1,530 guided aerial bombs, and 86 missiles, including more than 20 ballistic ones. Each of these missiles cont ||| President  @ZelenskyyUa : Over the past week alone, the Russians struck Ukraine with 1,770 attack drones, more than 1,530 guided aerial bombs, and 86 missiles, including more than 20 ballistic ones. E"
8415,2,near_duplicate,2,"Today is the first day of the holy month of Ramadan. This is a time of sincere prayer and deep faith. But, unfortunately, thousands of Ukrainian Muslims meet this day on the battlefield, and part of t ||| Today is the first day of the holy month of Ramadan. This is a time of sincere prayer and deep faith. But, unfortunately, thousands of Ukrainian Muslims meet this day on the battlefield, and part of t"
8472,2,near_duplicate,2,Happy Stalin’s Death Day ||| Happy Stalin’s Death Day!
8728,2,near_duplicate,2,Glory to the Heroes ||| Glory to the Heroes!
9003,2,near_duplicate,2,"WATCH: ""That is the only thing about home, that's the only thing that makes you feel special for the entire time you're there watching your buddies die, and you're mad about that?""  Retired Marine Sta ||| WATCH: ""That is the only thing about home, that's the only thing that makes you feel special for the entire time you're there watching your buddies die, and you're mad about that?  Retired Marine Staf"
9206,2,near_duplicate,2,"The poll put the Greens in second place among voters of all ages, just two points behind Reform. ||| It put the Greens in second place among voters of all ages, just two points behind Reform."
9257,2,near_duplicate,2,"“Given that we recognise Palestine as a state, it’s important that both states – Israel and Palestine – participate."" ||| “Given that we recognise Palestine as a state, it’s important that both states – Israel and Palestine – participate""."
14881,2,near_duplicate,2,"Massive damage is documented in the town of Deir Al-Hatab in the northern West Bank, following an arson attack carried out yesterday by state-backed Israeli settler militias.  ©️Source🔗 ||| Massive damage is documented in the town of Deir Al-Hatab in the northern West Bank, following an arson attack carried out yesterday by state-backed Israeli settler militias."
14882,2,near_duplicate,2,Breaking: One Lebanese was killed and two others injured in an Israeli airstrike targeting a motorcycle in the town of Majdal Selm in southern Lebanon.  ©️Source🔗 ||| Breaking: One Lebanese was killed and two others injured in an Israeli airstrike targeting a motorcycle in the town of Majdal Selm in southern Lebanon.
14883,2,near_duplicate,2,Breaking | Sirens sound in northern occupied Palestine following the detection of missiles launched from Iran.  ©️Source🔗 ||| Breaking | Sirens sound in northern occupied Palestine following the detection of missiles launched from Iran.
9915,2,pure_exact,1,"Israeli strikes targeting Beirut’s southern suburbs and southern Lebanon and mass evacuation orders have forced nearly 760,000 people to flee their homes in Lebanon in just over a week, triggering one ||| Israeli strikes targeting Beirut’s southern suburbs and southern Lebanon and mass evacuation orders have forced nearly 760,000 people to flee their homes in Lebanon in just over a week, triggering one"
14911,2,near_duplicate,2,Breaking | Iranian missiles spotted over occupied Palestine  ©️Source🔗 ||| Breaking | Iranian missiles spotted over occupied Palestine
10063,2,near_duplicate,2,"The story of the headquarters of the families for the return of the kidnapped and missing persons - the abductees' square The headquarters began its activity in the museum tower, and later moved to th ||| The story of the headquarters of the families for the return of the kidnapped and missing persons - the abductees' square The headquarters began its activity in the museum tower, and later moved to th"
10093,2,near_duplicate,2,"Tonight, the last rally of the Kibbutz Nir Oz community was held in the Gat vineyards. Kibbutz Nir Oz suffered the heaviest blow on October 7 when one out of four members of the kibbutz was murdered o ||| Tonight, the last rally of the Kibbutz Nir Oz community was held in Carmi Gat. On the day of the announcement of the murder of Kibbutz member Elad Katzir in captivity, the community Nir Oz said: ""No m"
10114,2,near_duplicate,2,"Join us today 💛  Kabbalat Shabbat led by the Kibbutz Movement and Kibbutz Tzuba  This Friday, the Shabbat will be welcomed at Hostages Square for the last time as part of our struggle - the first Kabb ||| Kabbalat Shabbat led by the Kibbutz Movement and Kibbutz Tzuba  This Friday, the Shabbat will be welcomed at Hostages Square for the last time as part of our struggle - the first Kabbalat Shabbat with"
10115,2,near_duplicate,2,"Join us today to receive Shabbat for the last time in the square 💛 Tomorrow, Friday, we will receive the Shabbat without abductees for the first time in Gaza with the kibbutz movement, Kibbutz Tzva co ||| Tomorrow, Friday, we will have the first Shabbat without abductees in Gaza with the kibbutz movement, the Kibbutz Tzva community, the families of the abductees, survivors of captivity and all the peop"
10118,2,near_duplicate,2,Further to the announcement about the closing of the Shu'an headquarters: We thank the Shu'an headquarters for its significant contribution and uncompromising determination to obtain every bit of info ||| Further to the announcement about the closing of the Shu'an headquarters: We thank the Shu'an headquarters for its significant contribution and uncompromising determination to obtain every bit of info
10138,2,pure_exact,1,"Farewell to Rani Goili 🎗️ The Goili family, the Israel Police and the headquarters of the families of the abductees announce the return to burial of our beloved Major Rani Goili, who died in a heroic  ||| Farewell to Rani Goili 🎗️ The Goili family, the Israel Police and the headquarters of the families of the abductees announce the return to burial of our beloved Major Rani Goili, who died in a heroic "
10154,2,near_duplicate,2,"Clock Stopping Ceremony at Hostages Square  📌Tuesday | January 27 | 5:30 PM | Hostages Square, Tel Aviv  The iconic Hostages Square was home to the families of the hostages and the heart of the Hostag ||| Clock Stopping Ceremony at Hostages Square  📌Tuesday | January 23| 5:30 PM | Hostages Square, Tel Aviv  The iconic Hostages Square was home to the families of the hostages and the heart of the Hostage"
10157,2,pure_exact,1,"The ceremony of stopping the clock in the Kidnapped Square 📌 Tuesday | 27.01.26 | 17:30 | The Kidnapped Square The Kidnapped Square, which was a home for families and the center of activity for the fa ||| The ceremony of stopping the clock in the Kidnapped Square 📌 Tuesday | 27.01.26 | 17:30 | The Kidnapped Square The Kidnapped Square, which was a home for families and the center of activity for the fa"
10220,2,near_duplicate,2,"Join us tonight 🎗️  Join our weekend events nationwide 🎗️  As Israel marks one year since the return of 33 Israeli hostages, the Gvili family continues its struggle for the return of Ran Gvili- the la ||| Join us tomorrow 🎗️  Join our weekend events nationwide 🎗️  As Israel marks one year since the return of 33 Israeli hostages, the Gvili family continues its struggle for the return of Ran Gvili- the l"
10222,2,near_duplicate,2,"Tonight on the string. Come 🎗️ Against the background of the establishment of the peace committee in Gaza, we will go out this evening to read together: Only with the return of Israel's hero, Major Ra ||| Against the background of the establishment of the peace committee in Gaza, we will go out this evening to read together: Only with the return of Israel's hero, Major Ran Goili, can we talk about peac"
10424,2,pure_exact,1,"🍽 ZAGA in special sale for the holiday!    Up to 30% discount on a wide selection from the collection.    Passover is just a moment away - choose your dining area, because the best moments begin aroun ||| 🍽 ZAGA in special sale for the holiday!    Up to 30% discount on a wide selection from the collection.    Passover is just a moment away - choose your dining area, because the best moments begin aroun"
10436,2,pure_exact,1,JOIN FOR BUY ||| JOIN FOR BUY
10438,2,pure_exact,1,"⚠️ This channel has been seized by the Israeli Defense Force Cybercrime Division.   For any questions or concerns, please contact the IDF for explanation. ||| ⚠️ This channel has been seized by the Israeli Defense Force Cybercrime Division.   For any questions or concerns, please contact the IDF for explanation."
10488,2,pure_exact,1,‘Joy beyond measure’: Celebrations in Gaza as long-awaited ceasefire begins @aljazeeraenglish ||| ‘Joy beyond measure’: Celebrations in Gaza as long-awaited ceasefire begins @aljazeeraenglish
10781,2,pure_exact,1,The avengers of Imam Khamenei's martyrdom in Urmia shouted for revenge @TasnimNews ||| The avengers of Imam Khamenei's martyrdom in Urmia shouted for revenge @TasnimNews
10889,2,pure_exact,1,At least one Israeli settler has been killed after an Israeli vehicle was targeted by a guided missile in the Misgav Am settlement.   Reports are also indicating that a new rocket salvo has been launc ||| At least one Israeli settler has been killed after an Israeli vehicle was targeted by a guided missile in the Misgav Am settlement.   Reports are also indicating that a new rocket salvo has been launc
11828,2,near_duplicate,2,🇷🇺🇺🇦⚡️Kharkov now. ||| 🇷🇺🇺🇦❗ Kharkov now
11837,2,near_duplicate,2,🇷🇺🇺🇦 Kharkiv ||| 🇷🇺🇺🇦❗ Kharkiv
11933,2,pure_exact,1,"🇦🇲 Armenian PM Nikol Pashinyan got into a heated argument with a woman in the Yerevan metro after she accused him of handing Nagorno-Karabakh over to Azerbaijan.  Pashinyan snapped back, shouting and  ||| 🇦🇲 Armenian PM Nikol Pashinyan got into a heated argument with a woman in the Yerevan metro after she accused him of handing Nagorno-Karabakh over to Azerbaijan.  Pashinyan snapped back, shouting and "
12015,2,near_duplicate,2,🇮🇱 Arad  🔴 @DDGeopolitics | Socials | Donate | Advertising ||| 🇮🇷🚀🔥🇮🇱🔥Arad  🔴 @DDGeopolitics | Socials | Donate | Advertising
12106,2,near_duplicate,2,"🇷🇺🇺🇦The number of mercenaries fighting for the Ukranian Armed Forces in Kherson has decreased. The reason was the reform of the enemy's foreign legion and their transfer to the Ukrainian Armed Forces' ||| The number of Ukrainian Armed Forces mercenaries in Kherson has decreased. The reason was the reform of the enemy's foreign legion and their transfer to the Ukrainian Armed Forces' assault units, Gove"
12112,2,pure_exact,1,"🇮🇷 IRGC Statement:  — In Wave 73 of Operation True Promise 4, under the code “Ya Haider (peace be upon him)” and in honor of the fallen defense martyrs, the IRGC Aerospace Force carried out heavy and  ||| 🇮🇷 IRGC Statement:  — In Wave 73 of Operation True Promise 4, under the code “Ya Haider (peace be upon him)” and in honor of the fallen defense martyrs, the IRGC Aerospace Force carried out heavy and "
12026,2,pure_exact,1,"⚠️🇮🇷🚀🔥🇮🇱🔥Israeli home front: Missiles from Iran have been detected heading towards ""Israel"". Settlers are advised to immediately enter shelters.  🔴 @DDGeopolitics | Socials | Donate | Advertising ||| ⚠️🇮🇷🚀🔥🇮🇱🔥Israeli home front: Missiles from Iran have been detected heading towards ""Israel"". Settlers are advised to immediately enter shelters.  🔴 @DDGeopolitics | Socials | Donate | Advertising"
12024,2,pure_exact,1,🇮🇷🚀🔥🇮🇱🔥The situation in Dimona after the Iranian strike   🔴 @DDGeopolitics | Socials | Donate | Advertising ||| 🇮🇷🚀🔥🇮🇱🔥The situation in Dimona after the Iranian strike   🔴 @DDGeopolitics | Socials | Donate | Advertising
12198,2,pure_exact,1,Become a Slavyangrad fanatic and join The Cathedral. ||| Become a Slavyangrad fanatic and join The Cathedral.
12144,2,pure_exact,1,😂  @Slavyangrad ||| 😂  @Slavyangrad
12312,2,pure_exact,1,#Figure 🔹 Russian Defence Ministry ||| #Figure 🔹 Russian Defence Ministry
12579,2,near_duplicate,2,@MariaVladimirovnaZakharova #MariaAgain Lying to the Whole World ||| @MariaVladimirovnaZakharova 🤷‍♀️😉 #MariaAgain Lying to the Whole World
13114,2,near_duplicate,2,"He saved the lives of four people: in Okhmatdyt, doctors led 13-year-old Ivan, who became a posthumous donor, through the corridor of honor. The hospital said that the boy was hospitalized with a seve ||| He saved the lives of four people: in the capital's Okhmatdyt, doctors led 13-year-old Ivan, who became a posthumous donor, through the corridor of honor.  The hospital said that the boy was hospitali"
13132,2,near_duplicate,2,"An explosion was heard in Sumy, our correspondents report. ||| An explosion was heard in Sumy, our correspondents reported."
13143,2,pure_exact,1,"The sounds of explosions were heard again in Zaporizhzhia, Sospilny correspondents report. ||| The sounds of explosions were heard again in Zaporizhzhia, Sospilny correspondents report."
13649,2,near_duplicate,2,Trump Delivers State of the Union Address  https://www.youtube.com/watch?v=qO4ivyoiRgE ||| LIVE: Trump Delivers State of the Union Address  https://www.youtube.com/watch?v=xtnDNo7-teI
13657,2,near_duplicate,2,Bringing the World Together Against Forced Organ Harvesting and Human Rights Abuses in China (2)  https://www.youtube.com/watch?v=hWdGgPYxsMU ||| Bringing the World Together Against Forced Organ Harvesting and Human Rights Abuses in China (2)  https://www.youtube.com/watch?v=SMc0ncFyQuM
13675,2,near_duplicate,2,LIVE: Turning Point USA Hosts ‘Building a Legacy: Remembering Charlie Kirk’  https://www.youtube.com/watch?v=rjwKj6YuB_o ||| LIVE: Turning Point USA Hosts ‘Building a Legacy: Remembering Charlie Kirk’  https://www.youtube.com/watch?v=_jE5r4MQ6Ts
13699,2,pure_exact,1,Chinese Nationals Charged for Allegedly Exporting Microchips to China Without License https://www.theepochtimes.com/china/chinese-nationals-charged-for-allegedly-exporting-microchips-to-china-without- ||| Chinese Nationals Charged for Allegedly Exporting Microchips to China Without License https://www.theepochtimes.com/china/chinese-nationals-charged-for-allegedly-exporting-microchips-to-china-without-
13707,2,pure_exact,1,FBI Warns Police Impersonation Scam Targeting Chinese International Students https://www.theepochtimes.com/china/fbi-warns-police-impersonation-scam-targeting-chinese-international-students-5897027 ||| FBI Warns Police Impersonation Scam Targeting Chinese International Students https://www.theepochtimes.com/china/fbi-warns-police-impersonation-scam-targeting-chinese-international-students-5897027
13716,2,pure_exact,1,"US Will Build Nuclear Power Plant on Moon, Transportation Secretary Says https://www.theepochtimes.com/us/duffy-announces-us-will-build-nuclear-power-plant-on-moon-5896989 ||| US Will Build Nuclear Power Plant on Moon, Transportation Secretary Says https://www.theepochtimes.com/us/duffy-announces-us-will-build-nuclear-power-plant-on-moon-5896989"
13779,2,pure_exact,1,Tourism Australia Taps Robert Irwin to Lure US Travellers Down Under https://www.theepochtimes.com/world/tourism-australia-taps-robert-irwin-to-lure-us-travellers-down-under-5896254 ||| Tourism Australia Taps Robert Irwin to Lure US Travellers Down Under https://www.theepochtimes.com/world/tourism-australia-taps-robert-irwin-to-lure-us-travellers-down-under-5896254
13835,2,pure_exact,1,Oklahoma Governor Details Steps to Secure State Against CCP Influence https://www.theepochtimes.com/china/oklahoma-governor-details-steps-to-secure-state-against-ccp-influence-5896024 ||| Oklahoma Governor Details Steps to Secure State Against CCP Influence https://www.theepochtimes.com/china/oklahoma-governor-details-steps-to-secure-state-against-ccp-influence-5896024
13838,2,pure_exact,1,Experts Offer Roadmap to Secure US Ports From CCP Attack https://www.theepochtimes.com/us/experts-offer-roadmap-to-secure-us-ports-from-ccp-attack-5895708 ||| Experts Offer Roadmap to Secure US Ports From CCP Attack https://www.theepochtimes.com/us/experts-offer-roadmap-to-secure-us-ports-from-ccp-attack-5895708
13846,2,pure_exact,1,"FBI Expands Global Operations to Counter CCP With Australia, New Zealand Partnerships https://www.theepochtimes.com/us/fbi-expands-global-operations-to-counter-ccp-with-australia-new-zealand-partnersh ||| FBI Expands Global Operations to Counter CCP With Australia, New Zealand Partnerships https://www.theepochtimes.com/us/fbi-expands-global-operations-to-counter-ccp-with-australia-new-zealand-partnersh"
14031,2,near_duplicate,2,"TUNE IN: Don’t miss “Rob Carson's What In The World?” — Today at 3 PM ET and Sunday at 8:30 PM ET, only on NEWSMAX! ||| TUNE IN: Don’t miss “Rob Carson's What In The World?” — Saturday at 3 PM ET and Sunday at 8:30 PM ET, only on NEWSMAX!"
14048,2,pure_exact,1,@OneAmericaNews ||| @OneAmericaNews
14050,2,pure_exact,1,https://t.me/OneAmericaNews ||| https://t.me/OneAmericaNews
14274,2,near_duplicate,2,🔁 RT @VICENews: Texas Gov. Greg Abbott is under fire for installing buoys with “circular saws” in the Rio Grande along the U.S.-Mexican border. Mexican authorities say two people have died. https://t. ||| Texas Gov. Greg Abbott is under fire for installing buoys with “circular saws” in the Rio Grande along the U.S.-Mexican border. Mexican authorities say two people have died. https://t.co/it5helvFYS
14610,2,pure_exact,1,https://clinicaltrials.gov/ct2/show/NCT04635605 ||| https://clinicaltrials.gov/ct2/show/NCT04635605
14676,2,near_duplicate,2,Aftermath of Iran's retaliatory missile strikes on Tel Aviv following the regime's indiscriminate attacks on civilians across Iran.  @PressTV ||| More footage surface from the aftermath of Iran's retaliatory missile strikes on Tel Aviv following the regime's indiscriminate attacks on civilians across Iran.  @PressTV
15080,2,near_duplicate,2,Ukraine inc Episode 11 / 28.03.2024 Episoden: [01] [02] [03] [04] [05] [06] [07] [08] [09] [10] [11] [12] [13] @ukraine_inc | Odysee | Telegram | VK | Web ||| Ukraine inc Episode 10 / 03.03.2024 Episoden: [01] [02] [03] [04] [05] [06] [07] [08] [09] [10] [11] [12] [13] @ukraine_inc | Odysee | Telegram | VK | Web
15087,2,near_duplicate,2,Ukraine inc Episode 05 / 14.06.2023 Episoden: [01] [02] [03] [04] [05] [06] [07] [08] [09] [10] [11] [12] [13] @ukraine_inc | Odysee | Telegram | VK | Web ||| Ukraine inc Episode 04 / 14.06.2023 Episoden: [01] [02] [03] [04] [05] [06] [07] [08] [09] [10] [11] [12] [13] @ukraine_inc | Odysee | Telegram | VK | Web
15197,2,pure_exact,1,"Ten months after Russia's assault began, Bakhmut has now been effectively occupied by Russian troops.  Kyiv hasn’t officially confirmed, but it is evident based on both official statements and those m ||| Ten months after Russia's assault began, Bakhmut has now been effectively occupied by Russian troops.  Kyiv hasn’t officially confirmed, but it is evident based on both official statements and those m"
15211,2,near_duplicate,2,"U.S. President Joe Biden on May 21 pledged support for Ukraine's Air Force, saying the U.S. would start training Ukrainian pilots to fly fourth-generation fighter aircraft, including F-16 fighter jets ||| ⚡️Biden pledges support for Ukraine's air force.  U.S. President Joe Biden on May 21 pledged support for Ukraine's air force, saying that the U.S. would start training Ukrainian pilots to fly fourth-g"
15304,2,pure_exact,1,Foreign currency reserves. ($ billion)  China: 3140 Japan: 1210 Switzerland: 770 Saudi Arabia: 480 Hong Kong: 430 India: 400 South Korea: 390 Russia: 370 Brazil: 360 Singapore: 290 ||| Foreign currency reserves. ($ billion)  China: 3140 Japan: 1210 Switzerland: 770 Saudi Arabia: 480 Hong Kong: 430 India: 400 South Korea: 390 Russia: 370 Brazil: 360 Singapore: 290
