mode,author,narrative,precision,recall,f1,support
none,IDF,Zionist,1.0,0.635,0.7767584097859327,200
none,IDF,Resistance,0.0,0.0,0.0,0
none,IDF,Western,0.0,0.0,0.0,0
none,IDF,Russian,0.0,0.0,0.0,0
none,IDF,Ukrainian,0.0,0.0,0.0,0
none,IDF,Right-wing,0.0,0.0,0.0,0
none,IDF,Left-wing,0.0,0.0,0.0,0
none,MariaZakharova,Resistance,0.0,0.0,0.0,0
none,MariaZakharova,Russian,1.0,0.895,0.9445910290237467,200
none,MariaZakharova,Ukrainian,0.0,0.0,0.0,0
none,MariaZakharova,Right-wing,0.0,0.0,0.0,0
none,MariaZakharova,Left-wing,0.0,0.0,0.0,0
none,BernieSanders,Zionist,0.0,0.0,0.0,0
none,BernieSanders,Resistance,0.0,0.0,0.0,0
none,BernieSanders,Western,0.0,0.0,0.0,0
none,BernieSanders,Ukrainian,0.0,0.0,0.0,0
none,BernieSanders,Right-wing,0.0,0.0,0.0,0
none,BernieSanders,Left-wing,1.0,0.245,0.393574297188755,200
hard,IDF,Zionist,1.0,0.525,0.6885245901639345,200
hard,IDF,Resistance,0.0,0.0,0.0,0
hard,IDF,Western,0.0,0.0,0.0,0
hard,IDF,Russian,0.0,0.0,0.0,0
hard,IDF,Ukrainian,0.0,0.0,0.0,0
hard,IDF,Right-wing,0.0,0.0,0.0,0
hard,IDF,Left-wing,0.0,0.0,0.0,0
hard,MariaZakharova,Zionist,0.0,0.0,0.0,0
hard,MariaZakharova,Resistance,0.0,0.0,0.0,0
hard,MariaZakharova,Russian,1.0,0.77,0.8700564971751412,200
hard,MariaZakharova,Ukrainian,0.0,0.0,0.0,0
hard,MariaZakharova,Right-wing,0.0,0.0,0.0,0
hard,MariaZakharova,Left-wing,0.0,0.0,0.0,0
hard,BernieSanders,Zionist,0.0,0.0,0.0,0
hard,BernieSanders,Resistance,0.0,0.0,0.0,0
hard,BernieSanders,Western,0.0,0.0,0.0,0
hard,BernieSanders,Ukrainian,0.0,0.0,0.0,0
hard,BernieSanders,Right-wing,0.0,0.0,0.0,0
hard,BernieSanders,Left-wing,1.0,0.265,0.41897233201581024,200
soft,IDF,Zionist,1.0,0.515,0.6798679867986799,200
soft,IDF,Resistance,0.0,0.0,0.0,0
soft,IDF,Russian,0.0,0.0,0.0,0
soft,IDF,Ukrainian,0.0,0.0,0.0,0
soft,IDF,Right-wing,0.0,0.0,0.0,0
soft,IDF,Left-wing,0.0,0.0,0.0,0
soft,MariaZakharova,Zionist,0.0,0.0,0.0,0
soft,MariaZakharova,Resistance,0.0,0.0,0.0,0
soft,MariaZakharova,Russian,1.0,0.915,0.9556135770234987,200
soft,MariaZakharova,Ukrainian,0.0,0.0,0.0,0
soft,MariaZakharova,Right-wing,0.0,0.0,0.0,0
soft,MariaZakharova,Left-wing,0.0,0.0,0.0,0
soft,BernieSanders,Zionist,0.0,0.0,0.0,0
soft,BernieSanders,Resistance,0.0,0.0,0.0,0
soft,BernieSanders,Western,0.0,0.0,0.0,0
soft,BernieSanders,Ukrainian,0.0,0.0,0.0,0
soft,BernieSanders,Right-wing,0.0,0.0,0.0,0
soft,BernieSanders,Left-wing,1.0,0.34,0.5074626865671642,200
lda,IDF,Zionist,1.0,0.58,0.7341772151898734,200
lda,IDF,Resistance,0.0,0.0,0.0,0
lda,IDF,Western,0.0,0.0,0.0,0
lda,IDF,Russian,0.0,0.0,0.0,0
lda,IDF,Ukrainian,0.0,0.0,0.0,0
lda,IDF,Right-wing,0.0,0.0,0.0,0
lda,IDF,Left-wing,0.0,0.0,0.0,0
lda,MariaZakharova,Resistance,0.0,0.0,0.0,0
lda,MariaZakharova,Russian,1.0,0.89,0.9417989417989417,200
lda,MariaZakharova,Ukrainian,0.0,0.0,0.0,0
lda,MariaZakharova,Right-wing,0.0,0.0,0.0,0
lda,MariaZakharova,Left-wing,0.0,0.0,0.0,0
lda,BernieSanders,Zionist,0.0,0.0,0.0,0
lda,BernieSanders,Resistance,0.0,0.0,0.0,0
lda,BernieSanders,Western,0.0,0.0,0.0,0
lda,BernieSanders,Ukrainian,0.0,0.0,0.0,0
lda,BernieSanders,Right-wing,0.0,0.0,0.0,0
lda,BernieSanders,Left-wing,1.0,0.265,0.4189723320158103,200
