mode,narrative,support,precision_mean,precision_std,recall_mean,recall_std,f1_mean,f1_std
none,Zionist,398,0.7617310050420306,0.011886995153373546,0.7621440536013401,0.0031337164043333176,0.7618674549623042,0.0046542286094522845
none,Resistance,366,0.6973408662900189,0.01536597240141851,0.6912568306010929,0.0022308649752123687,0.6941842359306474,0.007029139695890728
none,Western,285,0.7314070305947563,0.016431692118086323,0.6994152046783625,0.004376207469911016,0.7149610960940521,0.008302433833172694
none,Russian,424,0.7695025658800239,0.004815650407258004,0.7531446540880503,0.0011118031150732007,0.7612306112742594,0.0028243925370670425
none,Ukrainian,359,0.7298226081944285,0.003578621464514029,0.744661095636026,0.01167112821724837,0.7370920153508749,0.0041056175515028085
none,Right-wing,364,0.708479584239285,0.006750723116101285,0.7252747252747253,0.0022431224750761626,0.716757034246343,0.003224373355415835
none,Left-wing,281,0.6966633644351042,0.0025197700922098176,0.7164887307236061,0.013102444860245862,0.7063760596333705,0.00652443066768359
hard,Zionist,398,0.7441579800292781,0.009862356077444352,0.7713567839195979,0.00710660081594518,0.7574198198027711,0.0020599778697258384
hard,Resistance,366,0.7000960491940885,0.009507958281879168,0.7185792349726777,0.009724114983635086,0.7092135952068039,0.009476973205925788
hard,Western,285,0.747317161400149,0.010103733256181257,0.656140350877193,0.011459601135827724,0.6986001140825683,0.002107879087405843
hard,Russian,424,0.7771559507743718,0.011537565201370574,0.7421383647798742,0.00619025776258787,0.7591745878200832,0.005541887157491666
hard,Ukrainian,359,0.7381684529928586,0.002824849096643533,0.7799442896935934,0.012663121352818796,0.7584182518394474,0.005504054684178355
hard,Right-wing,364,0.700917686323912,0.013560804518525319,0.7371794871794872,0.010360538918484229,0.7184666897795684,0.007807645348518501
hard,Left-wing,281,0.7373582734880958,0.012435174387099734,0.7105575326215896,0.023486346231581624,0.7232742289754305,0.007182632578664073
soft,Zionist,398,0.7401485378301486,0.0033284082547839337,0.7705192629815745,0.006267432808666595,0.7550180652288411,0.004051565958184441
soft,Resistance,366,0.7153779185058431,0.010969865768063396,0.7140255009107467,0.009015933457751982,0.7146901813796479,0.009653847625366072
soft,Western,285,0.7285168464155084,0.0159737005304056,0.7204678362573099,0.007209840939145024,0.7243462100092924,0.00778764093915509
soft,Russian,424,0.7932343587762146,0.008525908689266656,0.7625786163522013,0.0011118031150732007,0.7775762229418827,0.003600509528710334
soft,Ukrainian,359,0.730935235928038,0.004290079522304524,0.7316620241411327,0.012526218721663939,0.7312754767892272,0.008388489963033655
soft,Right-wing,364,0.7177628588204626,0.0056124881254157885,0.7124542124542125,0.001295067364810522,0.715083707674121,0.0023792266300848674
soft,Left-wing,281,0.6979794381652967,0.006306403739039261,0.7129300118623961,0.012097317944466866,0.7053626289973827,0.009067513605583095
lda,Zionist,398,0.7722795319274139,0.006955981291029884,0.7604690117252931,0.01236584845915696,0.7662088906896578,0.003116528755005776
lda,Resistance,366,0.690267206020737,0.0015218133954738125,0.7103825136612022,0.0038639714818937067,0.7001752129250841,0.002175791652558447
lda,Western,285,0.7191932500543935,0.01690992564574646,0.6994152046783625,0.004376207469911016,0.709037137799287,0.0073650989887747
lda,Russian,424,0.7922422021138109,0.009126424779241728,0.7342767295597484,0.0072905805782198735,0.7621433940810592,0.007410913577921778
lda,Ukrainian,359,0.729356347574151,0.004400855055880056,0.7455896007428041,0.0013131045147382824,0.7373799954161582,0.00285597776881025
lda,Right-wing,364,0.7099314424825237,0.0011293087757254653,0.7417582417582418,0.018360748769014106,0.7253704801075175,0.008289478653776884
lda,Left-wing,281,0.6975542956561518,0.011099710032012338,0.7212336892052195,0.008387980796993419,0.7090628902172287,0.0019662608987673
