author,narrative,variant,recall_true_narrative,macro_f1,accuracy,dominant_wrong_narrative,dominant_wrong_narrative_error_share
abualiexpress,Zionist,sbert_original,0.24,0.05529953917050691,0.24,Resistance,0.5723684210526315
abualiexpress,Zionist,sbert_soft_topic,0.265,0.0598531902879729,0.265,Resistance,0.5918367346938775
abualiexpress,Zionist,sbert_person_misc_masked_aug_soft_topic,0.255,0.05805350028457599,0.255,Resistance,0.6174496644295302
BringThemHomeNow,Zionist,sbert_original,0.62,0.10934744268077601,0.62,Right-wing,0.25
BringThemHomeNow,Zionist,sbert_soft_topic,0.55,0.10138248847926268,0.55,Ukrainian,0.3333333333333333
BringThemHomeNow,Zionist,sbert_person_misc_masked_aug_soft_topic,0.545,0.10078594544613961,0.545,Right-wing,0.2967032967032967
AlJazeeraEnglish,Resistance,sbert_original,0.275,0.06162464985994398,0.275,Zionist,0.30344827586206896
AlJazeeraEnglish,Resistance,sbert_soft_topic,0.3,0.06593406593406594,0.3,Zionist,0.32142857142857145
AlJazeeraEnglish,Resistance,sbert_person_misc_masked_aug_soft_topic,0.215,0.05055849500293945,0.215,Zionist,0.3375796178343949
PressTV,Resistance,sbert_original,0.57,0.10373066424021837,0.57,Zionist,0.5348837209302325
PressTV,Resistance,sbert_soft_topic,0.5525,0.10167931907062343,0.5525,Zionist,0.5865921787709497
PressTV,Resistance,sbert_person_misc_masked_aug_soft_topic,0.535,0.09958120055839925,0.535,Zionist,0.543010752688172
NATO,Western,sbert_original,0.2583732057416268,0.06844106463878327,0.2583732057416268,Ukrainian,0.4774193548387097
NATO,Western,sbert_soft_topic,0.291866028708134,0.07530864197530864,0.291866028708134,Ukrainian,0.5743243243243243
NATO,Western,sbert_person_misc_masked_aug_soft_topic,0.2631578947368421,0.05952380952380953,0.2631578947368421,Ukrainian,0.551948051948052
Bloomberg,Western,sbert_original,0.055,0.014895057549085985,0.055,Right-wing,0.43386243386243384
Bloomberg,Western,sbert_soft_topic,0.04,0.01098901098901099,0.04,Right-wing,0.4583333333333333
Bloomberg,Western,sbert_person_misc_masked_aug_soft_topic,0.04,0.01098901098901099,0.04,Right-wing,0.4322916666666667
KremlinRussia_E,Russian,sbert_original,0.5,0.09523809523809523,0.5,Ukrainian,0.43
KremlinRussia_E,Russian,sbert_soft_topic,0.615,0.10880141530296329,0.615,Ukrainian,0.35064935064935066
KremlinRussia_E,Russian,sbert_person_misc_masked_aug_soft_topic,0.39,0.08016443987667009,0.39,Ukrainian,0.4918032786885246
Slavyangrad,Russian,sbert_original,0.22,0.05152224824355972,0.22,Resistance,0.2948717948717949
Slavyangrad,Russian,sbert_soft_topic,0.14,0.03508771929824561,0.14,Resistance,0.27906976744186046
Slavyangrad,Russian,sbert_person_misc_masked_aug_soft_topic,0.14,0.03508771929824561,0.14,Resistance,0.27325581395348836
Babel,Ukrainian,sbert_original,0.59,0.10601976639712488,0.59,Russian,0.36585365853658536
Babel,Ukrainian,sbert_soft_topic,0.57,0.10373066424021837,0.57,Russian,0.38372093023255816
Babel,Ukrainian,sbert_person_misc_masked_aug_soft_topic,0.585,0.10545290671473637,0.585,Russian,0.3493975903614458
United24Media,Ukrainian,sbert_original,0.77,0.12429378531073446,0.77,Russian,0.34782608695652173
United24Media,Ukrainian,sbert_soft_topic,0.685,0.13550939663699307,0.685,Western,0.38095238095238093
United24Media,Ukrainian,sbert_person_misc_masked_aug_soft_topic,0.715,0.13896987366375121,0.715,Russian,0.42105263157894735
ThePostMillennial,Right-wing,sbert_original,0.64,0.1951219512195122,0.64,Left-wing,0.8055555555555556
ThePostMillennial,Right-wing,sbert_soft_topic,0.65,0.15757575757575756,0.65,Left-wing,0.8
ThePostMillennial,Right-wing,sbert_person_misc_masked_aug_soft_topic,0.71,0.13840155945419103,0.71,Left-wing,0.7586206896551724
TheEpochTimes,Right-wing,sbert_original,0.505,0.09587090650213573,0.505,Left-wing,0.36363636363636365
TheEpochTimes,Right-wing,sbert_soft_topic,0.5,0.09523809523809523,0.5,Left-wing,0.39
TheEpochTimes,Right-wing,sbert_person_misc_masked_aug_soft_topic,0.565,0.12034078807241748,0.565,Zionist,0.3563218390804598
@MiddleEastEye_TG,Left-wing,sbert_original,0.03,0.008321775312066574,0.03,Zionist,0.3917525773195876
@MiddleEastEye_TG,Left-wing,sbert_soft_topic,0.04,0.01098901098901099,0.04,Resistance,0.4114583333333333
@MiddleEastEye_TG,Left-wing,sbert_person_misc_masked_aug_soft_topic,0.065,0.017437961099932932,0.065,Resistance,0.39037433155080214
ViceNews,Left-wing,sbert_original,0.18,0.04358353510895884,0.18,Right-wing,0.6097560975609756
ViceNews,Left-wing,sbert_soft_topic,0.21,0.049586776859504134,0.21,Right-wing,0.569620253164557
ViceNews,Left-wing,sbert_person_misc_masked_aug_soft_topic,0.175,0.0425531914893617,0.175,Right-wing,0.593939393939394
