row_idx,text,n_entities,entities,entity_types_present,true_narrative,pred_sbert_original,pred_sbert_soft_topic,pred_sbert_masked_aug,pred_sbert_masked_aug_soft_topic
3,"Overnight, in the Jabal Johar area in Hebron, security forces began an operation to dismantle terror infrastructure sites, eradicate illegal possession of weapons, and enhance security in the area.   The operation is expected to continue for several days, and increased movement",2,LOC:Jabal Johar; LOC:Hebron,LOC,Zionist,Zionist,Zionist,Ukrainian,Ukrainian
10,"As part of IDF activities in Lebanon, IDF special forces operated overnight in an attempt to locate findings related the missing navigator Ron Arad.  No findings related to him were located at the search site and no IDF injuries were reported.   The IDF will continue to operate",6,ORG:IDF; LOC:Lebanon; ORG:IDF; PER:Ron Arad; ORG:IDF; ORG:IDF,"LOC,ORG,PER",Zionist,Zionist,Zionist,Resistance,Zionist
14,"As part of the forward defensive effort, IDF troops continue targeted ground operations in southern Lebanon against Hezbollah and have struck +2,000 terror targets struck:  ~120 Hezbollah command posts 100+ weapons storage facilities 130+ missile launchers 570+ Hezbollah",5,ORG:IDF; LOC:Lebanon; ORG:Hezbollah; ORG:Hezbollah; ORG:Hezbollah,"LOC,ORG",Zionist,Zionist,Zionist,Resistance,Russian
17,"IRANIAN NAVAL INFRASTRUCTURE STRUCK IN THE CASPIAN SEA  Targets included: • Iranian Navy vessels, including missile ships, support vessels boats, & guard ships. • A port command center from which Iranian Navy forces controlled naval operations  • Central infrastructure",6,ORG:IRANI; ORG:NAVAL; MISC:CASPIAN; LOC:SE; ORG:Iranian Navy; ORG:Iranian Navy,"LOC,MISC,ORG",Zionist,Zionist,Zionist,Resistance,Resistance
25,"In response to yesterday’s events in which Druze civilians were attacked, the IDF struck a command center and weapons in military compounds belonging to the Syrian regime in southern Syria.   The IDF will not tolerate harm towards the Druze population in Syria and will continue",7,MISC:Druze; ORG:IDF; MISC:Syrian; LOC:Syria; ORG:IDF; MISC:Druze; LOC:Syria,"LOC,MISC,ORG",Zionist,Zionist,Zionist,Resistance,Left-wing
38,"DISMANTLED: Most key assets of the Iranian terror regime’s Internal Security Forces and Basij units in Ilam Province, as part of the IDF’s operations to target the regime’s systems and capabilities.  Targets included: • The main Internal Security Forces headquarters •⁠ The",6,MISC:Iranian; ORG:Internal Security Forces; ORG:Basij; LOC:Ilam Province; ORG:IDF; ORG:Internal Security Forces,"LOC,MISC,ORG",Zionist,Zionist,Zionist,Resistance,Zionist
49,"STRUCK: 2 Hezbollah terrorists in the area of Yater in southern Lebanon.  As part of the strikes, the IDF eliminated a terrorist who was involved in attempts to rehabilitate Hezbollah military infrastructure in the area. These attempts constituted a violation of the",5,ORG:Hezbollah; LOC:Yater; LOC:Lebanon; ORG:IDF; ORG:Hezbollah,"LOC,ORG",Zionist,Zionist,Zionist,Resistance,Resistance
51,"IDF troops completed an overnight operation to locate and dismantle a weapons storage facility belonging to the Jamaa Islamiya terrorist organization in the Beit Jinn area in southern Syria.  The troops located and dismantled various weapons in the facility, including guns,",4,ORG:IDF; ORG:Jamaa Islamiya; LOC:Beit Jinn; LOC:Syria,"LOC,ORG",Zionist,Zionist,Zionist,Resistance,Russian
52,"STRUCK: Tunnel shafts used for weapons storage at several Hezbollah sites across Lebanon. Following the strikes, secondary explosions were identified, indicating the presence of weapons in the area.   Over the past several months, Hezbollah terrorist activity was identified at",3,ORG:Hezbollah; LOC:Lebanon; ORG:Hezbollah,"LOC,ORG",Zionist,Zionist,Zionist,Resistance,Resistance
53,"IDF troops began a targeted and limited raid in an area in southern Lebanon to locate and eliminate terrorists and dismantle Hezbollah infrastructure.  Prior to the entry of ground forces, numerous terror targets were struck from the air and ground.  This operation aims to",3,ORG:IDF; LOC:Lebanon; ORG:Hezbollah,"LOC,ORG",Zionist,Zionist,Zionist,Resistance,Resistance
64,"WATCH: Weapons, observation posts, and firing positions used by Hezbollah terrorists were located and dismantled by IDF troops in southern Lebanon.  These sites, including anti-tank launcher positions, are part of Hezbollah’s ongoing attempts to rearm, in blatant violation of",4,ORG:Hezbollah; ORG:IDF; LOC:Lebanon; ORG:Hezbollah,"LOC,ORG",Zionist,Zionist,Zionist,Resistance,Zionist
68,"UNCOVERED: A rocket launcher loaded with five rockets ready to be launched towards Israel.  In accordance with the ceasefire agreement, IDF soldiers continue to dismantle terror infrastructure in the area of the Yellow Line in northern Gaza.",5,ORG:UN; LOC:Israel; ORG:IDF; LOC:Yellow Line; LOC:Gaza,"LOC,ORG",Zionist,Zionist,Zionist,Resistance,Resistance
71,"ELIMINATED: Ali Nour El-Din, head of an artillery squad in Hezbollah, in the area of Tyre in southern Lebanon.  Throughout the war, the terrorist advanced numerous terror attacks against the state of Israel, and operated to rehabilitate Hezbollah.  The terrorist's activities",6,PER:Ali Nour El-Din; LOC:Hezbollah; LOC:Tyre; LOC:Lebanon; LOC:Israel; ORG:Hezbollah,"LOC,ORG,PER",Zionist,Zionist,Zionist,Resistance,Zionist
79,"STRUCK: Approx. 60 Hezbollah terrorist targets in southern Lebanon.  Among the targets struck were weapons storage facilities, missile launchers, command centers, and additional terrorist infrastructure belonging to the Hezbollah and Hamas terrorist organizations in the Tyre",5,ORG:Hezbollah; LOC:Lebanon; ORG:Hezbollah; ORG:Hamas; LOC:Tyre,"LOC,ORG",Zionist,Zionist,Zionist,Resistance,Zionist
86,"LOCATED: A rocket launcher with 2 loaded rockets, ready to be fired toward Israel, was found during IDF activity in Jabaliya.  IDF troops remain deployed in accordance with the ceasefire agreement.",4,LOC:Israel; ORG:IDF; LOC:Jabaliya; ORG:IDF,"LOC,ORG",Zionist,Zionist,Zionist,Resistance,Zionist
88,"ELIMINATED: Muhammad Majed Abd al-Salam Tawfiq Zidan, a Palestinian terrorist directed by the Iranian regime’s intelligence   Zidan served as a key Palestinian terrorist who operated under the intelligence of the Iranian terror regime and attempted to advance terror attacks",7,ORG:EL; PER:Muhammad Majed Abd al-Salam Tawfiq Zidan; MISC:Palestinian; MISC:Iranian; PER:Zida; MISC:Palestinian; MISC:Iranian,"MISC,ORG,PER",Zionist,Zionist,Zionist,Left-wing,Zionist
97,"Humanitarian efforts over the past week (14-20 December):   4,200 humanitarian aid trucks entered the Gaza Strip, according to the agreement.   Over 200 Gazans holding dual citizenships or valid visas exited Gaza (Dec. 15) through the Kerem Shalom Crossing, continued to",4,LOC:Gaza Strip; MISC:Gaza; LOC:Gaza; LOC:Kerem Shalom Crossing,"LOC,MISC",Zionist,Zionist,Zionist,Resistance,Zionist
98,"IDF troops are operating in the area of southern Lebanon in order to prevent attempts by Hezbollah to reestablish its capabilities.  Over the past year, the troops: • Eliminated approx. 60 Hezbollah terrorists • ⁠Dismantled dozens of terrorist structures, weapons storage",4,ORG:IDF; LOC:Lebanon; ORG:Hezbollah; ORG:Hezbollah,"LOC,ORG",Zionist,Zionist,Zionist,Resistance,Zionist
99,"The IDF continues to operate with the same goals: Defeat terror, dismantle Hamas & protect Israel’s civilians.",3,ORG:IDF; ORG:Hamas; LOC:Israel,"LOC,ORG",Zionist,Zionist,Zionist,Resistance,Zionist
102,Here are 25 moments that made up our 2025:,0,(none),(none),Zionist,Zionist,Zionist,Ukrainian,Zionist
125,"APPREHENDED: Zaid Kharraz, the Hamas terrorist who fired toward IDF troops in Nablus and injured an IDF soldier.  Following a joint IDF & ISA pursuit that lasted less than 24 hours, troops apprehended the suspect this morning, along with additional suspects who assisted his",7,PER:Zaid Kharraz; ORG:Hamas; ORG:IDF; LOC:Nablus; ORG:IDF; ORG:IDF; ORG:ISA,"LOC,ORG,PER",Zionist,Zionist,Zionist,Resistance,Zionist
146,"STRUCK: Shafts used for storing weapons in several military sites belonging to Hezbollah in southern Lebanon, where in recent months, Hezbollah activity has been identified at these sites.  Hezbollah's terror activity at these sites constitutes a violation of the",4,ORG:Hezbollah; LOC:Lebanon; ORG:Hezbollah; ORG:Hezbollah,"LOC,ORG",Zionist,Zionist,Zionist,Russian,Zionist
147,What you need to know about the operational accomplishments by U.S. & Israeli forces against the Iranian terror regime:,3,LOC:U.S.; MISC:Israeli; MISC:Iranian,"LOC,MISC",Zionist,Zionist,Zionist,Resistance,Resistance
152,POV: you’re an IDF pilot otw to Tehran,2,ORG:IDF; LOC:Tehran,"LOC,ORG",Zionist,Zionist,Zionist,Resistance,Zionist
155,"The IDF dismantled dozens of assets belonging to the Iranian regime’s ballistic missile array, including missile launchers & defense systems deployed in the area that constituted a threat to the Israeli Air Force’s aircraft.",3,ORG:IDF; MISC:Iranian; ORG:Israeli Air Force,"MISC,ORG",Zionist,Zionist,Zionist,Resistance,Resistance
161,"Operational Update: Lebanon  Additional IDF troops have been deployed in Lebanon, continuing efforts to establish a forward defense posture in order to remove threats and create an additional layer of security for residents of northern Israel against Hezbollah’s threat.",5,LOC:Lebanon; ORG:IDF; LOC:Lebanon; LOC:Israel; ORG:Hezbollah,"LOC,ORG",Zionist,Zionist,Zionist,Resistance,Resistance
165,"WATCH: Our troops have completed a two month mission in southern Lebanon to prevent Hezbollah’s entrenchment.  Operating on the ground, they collected intelligence, located enemy infrastructure, directed fire, and supported ground & aerial forces in dismantling Hezbollah",3,LOC:Lebanon; ORG:Hezbollah; ORG:Hezbollah,"LOC,ORG",Zionist,Zionist,Zionist,Resistance,Zionist
170,"ELIMINATED: Hezbollah firepower management commander Zaid Ali Jumaa in Beirut.  Jumaa served as Hezbollah’s head of artillery in southern Lebanon and was responsible for launching thousands of rockets, missiles and UAVs from Lebanon toward Israel.  He also led the 2015",9,ORG:Hezbollah; PER:Zaid Ali Jumaa; LOC:Beirut; PER:Jumaa; ORG:Hezbollah; LOC:Lebanon; MISC:U; LOC:Lebanon; LOC:Israel,"LOC,MISC,ORG,PER",Zionist,Zionist,Zionist,Resistance,Zionist
185,ELIMINATED: A Hezbollah terrorist in the Ayta ash-Shaab area in southern Lebanon.  The terrorist was involved in gathering intelligence on IDF troops and operated to rehabilitate Hezbollah’s terrorist infrastructure in southern Lebanon.  The terrorist’s activities constituted a,6,ORG:Hezbollah; LOC:Ayta ash-Shaab; LOC:Lebanon; ORG:IDF; ORG:Hezbollah; LOC:Lebanon,"LOC,ORG",Zionist,Zionist,Zionist,Resistance,Zionist
191,STRUCK: Hezbollah terror infrastructure in several areas across southern Lebanon.  Targets included: • Military structures used for Hezbollah drills and training to plan attacks • Tunnel shafts used to store weapons • Launch sites and additional military structures,3,ORG:Hezbollah; LOC:Lebanon; ORG:Hezbollah,"LOC,ORG",Zionist,Zionist,Zionist,Resistance,Zionist
