text_id,narrative_name,text,predicted_category,matched_text,agenda_evidence,gold_agendas,correct_incorrect_missing_uncertain,annotator_notes
calibration_0001,Left-wing,"unions are the backbone of the middle class, we need to make it easier to organize, not harder.",זכויות אדם וצדק חברתי,unions,unions are the backbone of the middl,,,
calibration_0002,Left-wing,"Pray for simple people from Israel and Gaza 🙏 Life is more matters, instead of politics","דת, מסורת וזהות",Pray,Pray for simple people from Israel,,,
calibration_0003,Left-wing,"🗞Since the Gaza 'ceasefire' was announced, I have wondered what this word actually means. For Palestinians in the enclave, it was supposed to mean at least a brief moment of stability. Instead, very little has changed.  ✍ Opinion by Hassan Herzallah 🔗  https://www.middleeasteye.net/opinion/there-no-ceasefire-gaza?utm_source=telegram&utm_medium=social&utm_campaign=social_traffic",דיפלומטיה ויחסים בינלאומיים,ceasefire,"🗞Since the Gaza 'ceasefire' was announced, I have wonder",,,
calibration_0004,Left-wing,"the climate crisis is literally happening right now and politicians are still taking money from fossil fuel lobbyists, ugh.","אקלים, אנרגיה ירוקה וסביבה",climate,the climate crisis is literally happening,,,
calibration_0005,Left-wing,LA Gave More Money to Cops While Cutting Fire Budgets. Now It’s Burning.  https://theintercept.com/2025/01/08/la-police-budget-palisades-fires/,(none detected),,,,,
calibration_0009,Resistance,Israeli opposition leader Yair Lapid discusses potential Gaza ceasefire deal at the Knesset @aljazeeraenglish,דיפלומטיה ויחסים בינלאומיים,ceasefire,apid discusses potential Gaza ceasefire deal at the Knesset,,,
calibration_0009,Resistance,Israeli opposition leader Yair Lapid discusses potential Gaza ceasefire deal at the Knesset @aljazeeraenglish,"דמוקרטיה, בחירות ומשילות",opposition,Israeli opposition leader Yair Lapid discusses p,,,
calibration_0010,Resistance,"The Americans should know if they start a war, this time it will be a regional war.",עימות ולוחמה - כללי,war,"s should know if they start a war, this time it will be a regio",,,
calibration_0011,Resistance,Breaking | Direct Iranian impact in southern occupied Palestine,(none detected),,,,,
calibration_0012,Resistance,"Wallah, I just want to see the sea once without having to go through three different checkpoints.",(none detected),,,,,
calibration_0013,Resistance,"decisive and severe dealing with people who cooperate with the enemy  🔹First Deputy of the Judiciary: The judicial system will deal hard with people who are infiltrators, mercenaries and traitors and who cooperate and accompany the enemy under these conditions, and these people will not be included in any friendship. @TasnimNews",(none detected),,,,,
calibration_0017,Right-wing,Nearly 10% of Transportation Security Administration workers reportedly called in sick on Tuesday as the Democrats' partial government shutdown continued. MORE: https://bit.ly/4uEYK81,"דמוקרטיה, בחירות ומשילות",Democrats,led in sick on Tuesday as the Democrats' partial government shutdown,,,
calibration_0017,Right-wing,Nearly 10% of Transportation Security Administration workers reportedly called in sick on Tuesday as the Democrats' partial government shutdown continued. MORE: https://bit.ly/4uEYK81,זכויות אדם וצדק חברתי,workers,ation Security Administration workers reportedly called in sick on,,,
calibration_0018,Right-wing,"Bombshell Whistleblower Report: Mueller's Anti-Trump Witch Hunters Drank on the Job, Tried to Doctor Records, Violated Security Rules  The startling whistleblower report uncovers numerous allegations against the Mueller team that many people haven’t heard of even to this day.  https://w-j.co/s/47c18","תקיפות, סיכולים וחיסולים",Bombshell,Bombshell Whistleblower Report: Mueller,,,
calibration_0019,Right-wing,Very cool!  https://1819news.com/news/item/poll-charlie-kirk-turning-point-usa-second-most-watched-conservative-platform-in-alabama-behind-fox-news,(none detected),,,,,
calibration_0020,Right-wing,“The assassination of political figures is not the same thing as just being shot in the throat for the crime of debating issues in the public square.” @benshapiro  discusses the terrifying reality of Charlie Kirk's assassination with  @billmaher  - and what it means for our nation.,"תקיפות, סיכולים וחיסולים",assassination,“The assassination of political figures is not t,,,
calibration_0020,Right-wing,“The assassination of political figures is not the same thing as just being shot in the throat for the crime of debating issues in the public square.” @benshapiro  discusses the terrifying reality of Charlie Kirk's assassination with  @billmaher  - and what it means for our nation.,"לאומיות, ריבונות וטריטוריה",nation,- and what it means for our nation.,,,
calibration_0020,Right-wing,“The assassination of political figures is not the same thing as just being shot in the throat for the crime of debating issues in the public square.” @benshapiro  discusses the terrifying reality of Charlie Kirk's assassination with  @billmaher  - and what it means for our nation.,"הגירה, גבולות וביטחון פנים",crime,ng shot in the throat for the crime of debating issues in the pub,,,
calibration_0021,Right-wing,"SECRETARY HEGSETH on the media’s coverage of Operation Epic Fury:  “TDS is in their DNA. They want President Trump to fail. But you, the American people, know better.”",עימות ולוחמה - כללי,Operation,TH on the media’s coverage of Operation Epic Fury: “TDS is in their D,,,
calibration_0021,Right-wing,"SECRETARY HEGSETH on the media’s coverage of Operation Epic Fury:  “TDS is in their DNA. They want President Trump to fail. But you, the American people, know better.”","תקשורת, תעמולה ודיסאינפורמציה",media,SECRETARY HEGSETH on the media’s coverage of Operation Epic,,,
calibration_0025,Russian,"Our traditional values are, well, they're under attack from these modern liberal agendas that don't fit our culture.","תרבות, ספורט וחיי יומיום",traditional,"Our traditional values are, well, they're und",,,
calibration_0026,Russian,"When Kash Patel says cyber actors then I just think Russia has these guys working for them.  ""Sorry, C3PO and Johnny Five were just settling a bet on who could hack the most Americans. They were not doing this as members of Russian intelligence.""  - Putin  @Slavyangrad","טכנולוגיה, חדשנות ומדע",cyber,When Kash Patel says cyber actors then I just think Russ,,,
calibration_0027,Russian,"🎖🎖 by Russian Defence Ministry on progress of special military operation as of 14 March 2026  ❗️ Last night, in response to Ukraine's terrorist attacks on civilian facilities on the territory of Russia, the Armed Forces of the Russian Federation carried out a massive strike by ground-, air-, and sea-based long-range precision weaponry and attack UAVs against enterprises of the Ukrainian defence industry, energy infrastructure facilities used for the benefit of the Armed Forces of Ukraine, as well as the military airfields.  ✅ The goals of the strike were achieved. All the assigned targets were engaged.  📍 Units of the Sever Group of Forces took more advantageous lines and positions. Manpower and hardware of the AFU mechanised brigade and one territorial defence brigade have been hit near Miropolye, Pisarevka, Novaya Sech, and Kondratovka (Sumy region).  💥 In Kharkov region, units of two mechanised brigades, one airmobile brigade, and one motorised infantry brigade of the AFU have been hit near Udy, Volchanskye Khutora, and Verkhniy Saltov (Kharkov region).  ▪️ The AFU losses amounted to more than 225 troops, 16 motor vehicles, one field artillery gun, and one U.S.-made MLRS launcher. One counter-battery warfare station, one ammunition depot, and seven materiel depots were neutralised.  📍 The Zapad Group of Forces improved the situation along the front line. Strikes were delivered at manpower and hardware of two mechanised brigades of the AFU, one territorial defence brigade, and one border detachment of the State Border Guard Service of Ukraine close to Novoosinovo, Grushevka (Kharkov region), Yatskovka, Rubtsy, and Krasny Liman (Donetsk People's Republic).  ▪️ The enemy losses amounted to up to 190 troops, one infantry fighting vehicle, two U.S.-made M113 armoured personnel carriers, seven armoured fighting vehicles, 21 motor vehicles, and four artillery guns, including one 155-mm Polish-made Krab self-propelled artillery system. One counter-battery warfare station and four ammunition depots were neutralised.  📍 The Yuzhnaya Group of Forces took more advantageous lines and positions. Russian troops hit one mechanised brigade, one motorised infantry brigade, one assault brigade of the AFU, and one marine brigade near Konstantinovka, Druzhkovka, Alekseyevo-Druzhkovka, Novoselovka, and Aleksandrovka (Donetsk People's Republic).  ▪️ The enemy lost up to 140 troops, one U.S.-made M113 armoured personnel carrier, three armoured fighting vehicles, ten motor vehicles, three field artillery guns, and one Grad MLRS combat vehicle. Five ammunition and materiel depots were eliminated.  👉 See Part 2   🔹 Russian Defence Ministry",עימות ולוחמה - כללי,Defence,🎖🎖 by Russian Defence Ministry on progress of speci,,,
calibration_0027,Russian,"🎖🎖 by Russian Defence Ministry on progress of special military operation as of 14 March 2026  ❗️ Last night, in response to Ukraine's terrorist attacks on civilian facilities on the territory of Russia, the Armed Forces of the Russian Federation carried out a massive strike by ground-, air-, and sea-based long-range precision weaponry and attack UAVs against enterprises of the Ukrainian defence industry, energy infrastructure facilities used for the benefit of the Armed Forces of Ukraine, as well as the military airfields.  ✅ The goals of the strike were achieved. All the assigned targets were engaged.  📍 Units of the Sever Group of Forces took more advantageous lines and positions. Manpower and hardware of the AFU mechanised brigade and one territorial defence brigade have been hit near Miropolye, Pisarevka, Novaya Sech, and Kondratovka (Sumy region).  💥 In Kharkov region, units of two mechanised brigades, one airmobile brigade, and one motorised infantry brigade of the AFU have been hit near Udy, Volchanskye Khutora, and Verkhniy Saltov (Kharkov region).  ▪️ The AFU losses amounted to more than 225 troops, 16 motor vehicles, one field artillery gun, and one U.S.-made MLRS launcher. One counter-battery warfare station, one ammunition depot, and seven materiel depots were neutralised.  📍 The Zapad Group of Forces improved the situation along the front line. Strikes were delivered at manpower and hardware of two mechanised brigades of the AFU, one territorial defence brigade, and one border detachment of the State Border Guard Service of Ukraine close to Novoosinovo, Grushevka (Kharkov region), Yatskovka, Rubtsy, and Krasny Liman (Donetsk People's Republic).  ▪️ The enemy losses amounted to up to 190 troops, one infantry fighting vehicle, two U.S.-made M113 armoured personnel carriers, seven armoured fighting vehicles, 21 motor vehicles, and four artillery guns, including one 155-mm Polish-made Krab self-propelled artillery system. One counter-battery warfare station and four ammunition depots were neutralised.  📍 The Yuzhnaya Group of Forces took more advantageous lines and positions. Russian troops hit one mechanised brigade, one motorised infantry brigade, one assault brigade of the AFU, and one marine brigade near Konstantinovka, Druzhkovka, Alekseyevo-Druzhkovka, Novoselovka, and Aleksandrovka (Donetsk People's Republic).  ▪️ The enemy lost up to 140 troops, one U.S.-made M113 armoured personnel carrier, three armoured fighting vehicles, ten motor vehicles, three field artillery guns, and one Grad MLRS combat vehicle. Five ammunition and materiel depots were eliminated.  👉 See Part 2   🔹 Russian Defence Ministry","צבא סדיר, כוחות ולוחמה קונבנציונלית",Armed Forces,"the territory of Russia, the Armed Forces of the Russian Federation car",,,
calibration_0027,Russian,"🎖🎖 by Russian Defence Ministry on progress of special military operation as of 14 March 2026  ❗️ Last night, in response to Ukraine's terrorist attacks on civilian facilities on the territory of Russia, the Armed Forces of the Russian Federation carried out a massive strike by ground-, air-, and sea-based long-range precision weaponry and attack UAVs against enterprises of the Ukrainian defence industry, energy infrastructure facilities used for the benefit of the Armed Forces of Ukraine, as well as the military airfields.  ✅ The goals of the strike were achieved. All the assigned targets were engaged.  📍 Units of the Sever Group of Forces took more advantageous lines and positions. Manpower and hardware of the AFU mechanised brigade and one territorial defence brigade have been hit near Miropolye, Pisarevka, Novaya Sech, and Kondratovka (Sumy region).  💥 In Kharkov region, units of two mechanised brigades, one airmobile brigade, and one motorised infantry brigade of the AFU have been hit near Udy, Volchanskye Khutora, and Verkhniy Saltov (Kharkov region).  ▪️ The AFU losses amounted to more than 225 troops, 16 motor vehicles, one field artillery gun, and one U.S.-made MLRS launcher. One counter-battery warfare station, one ammunition depot, and seven materiel depots were neutralised.  📍 The Zapad Group of Forces improved the situation along the front line. Strikes were delivered at manpower and hardware of two mechanised brigades of the AFU, one territorial defence brigade, and one border detachment of the State Border Guard Service of Ukraine close to Novoosinovo, Grushevka (Kharkov region), Yatskovka, Rubtsy, and Krasny Liman (Donetsk People's Republic).  ▪️ The enemy losses amounted to up to 190 troops, one infantry fighting vehicle, two U.S.-made M113 armoured personnel carriers, seven armoured fighting vehicles, 21 motor vehicles, and four artillery guns, including one 155-mm Polish-made Krab self-propelled artillery system. One counter-battery warfare station and four ammunition depots were neutralised.  📍 The Yuzhnaya Group of Forces took more advantageous lines and positions. Russian troops hit one mechanised brigade, one motorised infantry brigade, one assault brigade of the AFU, and one marine brigade near Konstantinovka, Druzhkovka, Alekseyevo-Druzhkovka, Novoselovka, and Aleksandrovka (Donetsk People's Republic).  ▪️ The enemy lost up to 140 troops, one U.S.-made M113 armoured personnel carrier, three armoured fighting vehicles, ten motor vehicles, three field artillery guns, and one Grad MLRS combat vehicle. Five ammunition and materiel depots were eliminated.  👉 See Part 2   🔹 Russian Defence Ministry","נשק, טילים וכלי לחימה",weaponry,ea-based long-range precision weaponry and attack UAVs against enter,,,
calibration_0027,Russian,"🎖🎖 by Russian Defence Ministry on progress of special military operation as of 14 March 2026  ❗️ Last night, in response to Ukraine's terrorist attacks on civilian facilities on the territory of Russia, the Armed Forces of the Russian Federation carried out a massive strike by ground-, air-, and sea-based long-range precision weaponry and attack UAVs against enterprises of the Ukrainian defence industry, energy infrastructure facilities used for the benefit of the Armed Forces of Ukraine, as well as the military airfields.  ✅ The goals of the strike were achieved. All the assigned targets were engaged.  📍 Units of the Sever Group of Forces took more advantageous lines and positions. Manpower and hardware of the AFU mechanised brigade and one territorial defence brigade have been hit near Miropolye, Pisarevka, Novaya Sech, and Kondratovka (Sumy region).  💥 In Kharkov region, units of two mechanised brigades, one airmobile brigade, and one motorised infantry brigade of the AFU have been hit near Udy, Volchanskye Khutora, and Verkhniy Saltov (Kharkov region).  ▪️ The AFU losses amounted to more than 225 troops, 16 motor vehicles, one field artillery gun, and one U.S.-made MLRS launcher. One counter-battery warfare station, one ammunition depot, and seven materiel depots were neutralised.  📍 The Zapad Group of Forces improved the situation along the front line. Strikes were delivered at manpower and hardware of two mechanised brigades of the AFU, one territorial defence brigade, and one border detachment of the State Border Guard Service of Ukraine close to Novoosinovo, Grushevka (Kharkov region), Yatskovka, Rubtsy, and Krasny Liman (Donetsk People's Republic).  ▪️ The enemy losses amounted to up to 190 troops, one infantry fighting vehicle, two U.S.-made M113 armoured personnel carriers, seven armoured fighting vehicles, 21 motor vehicles, and four artillery guns, including one 155-mm Polish-made Krab self-propelled artillery system. One counter-battery warfare station and four ammunition depots were neutralised.  📍 The Yuzhnaya Group of Forces took more advantageous lines and positions. Russian troops hit one mechanised brigade, one motorised infantry brigade, one assault brigade of the AFU, and one marine brigade near Konstantinovka, Druzhkovka, Alekseyevo-Druzhkovka, Novoselovka, and Aleksandrovka (Donetsk People's Republic).  ▪️ The enemy lost up to 140 troops, one U.S.-made M113 armoured personnel carrier, three armoured fighting vehicles, ten motor vehicles, three field artillery guns, and one Grad MLRS combat vehicle. Five ammunition and materiel depots were eliminated.  👉 See Part 2   🔹 Russian Defence Ministry","תקיפות, סיכולים וחיסולים",strike,"eration carried out a massive strike by ground-, air-, and sea-bas",,,
calibration_0027,Russian,"🎖🎖 by Russian Defence Ministry on progress of special military operation as of 14 March 2026  ❗️ Last night, in response to Ukraine's terrorist attacks on civilian facilities on the territory of Russia, the Armed Forces of the Russian Federation carried out a massive strike by ground-, air-, and sea-based long-range precision weaponry and attack UAVs against enterprises of the Ukrainian defence industry, energy infrastructure facilities used for the benefit of the Armed Forces of Ukraine, as well as the military airfields.  ✅ The goals of the strike were achieved. All the assigned targets were engaged.  📍 Units of the Sever Group of Forces took more advantageous lines and positions. Manpower and hardware of the AFU mechanised brigade and one territorial defence brigade have been hit near Miropolye, Pisarevka, Novaya Sech, and Kondratovka (Sumy region).  💥 In Kharkov region, units of two mechanised brigades, one airmobile brigade, and one motorised infantry brigade of the AFU have been hit near Udy, Volchanskye Khutora, and Verkhniy Saltov (Kharkov region).  ▪️ The AFU losses amounted to more than 225 troops, 16 motor vehicles, one field artillery gun, and one U.S.-made MLRS launcher. One counter-battery warfare station, one ammunition depot, and seven materiel depots were neutralised.  📍 The Zapad Group of Forces improved the situation along the front line. Strikes were delivered at manpower and hardware of two mechanised brigades of the AFU, one territorial defence brigade, and one border detachment of the State Border Guard Service of Ukraine close to Novoosinovo, Grushevka (Kharkov region), Yatskovka, Rubtsy, and Krasny Liman (Donetsk People's Republic).  ▪️ The enemy losses amounted to up to 190 troops, one infantry fighting vehicle, two U.S.-made M113 armoured personnel carriers, seven armoured fighting vehicles, 21 motor vehicles, and four artillery guns, including one 155-mm Polish-made Krab self-propelled artillery system. One counter-battery warfare station and four ammunition depots were neutralised.  📍 The Yuzhnaya Group of Forces took more advantageous lines and positions. Russian troops hit one mechanised brigade, one motorised infantry brigade, one assault brigade of the AFU, and one marine brigade near Konstantinovka, Druzhkovka, Alekseyevo-Druzhkovka, Novoselovka, and Aleksandrovka (Donetsk People's Republic).  ▪️ The enemy lost up to 140 troops, one U.S.-made M113 armoured personnel carrier, three armoured fighting vehicles, ten motor vehicles, three field artillery guns, and one Grad MLRS combat vehicle. Five ammunition and materiel depots were eliminated.  👉 See Part 2   🔹 Russian Defence Ministry",טרור ואיום קיומי,terrorist,"ght, in response to Ukraine's terrorist attacks on civilian facilitie",,,
calibration_0027,Russian,"🎖🎖 by Russian Defence Ministry on progress of special military operation as of 14 March 2026  ❗️ Last night, in response to Ukraine's terrorist attacks on civilian facilities on the territory of Russia, the Armed Forces of the Russian Federation carried out a massive strike by ground-, air-, and sea-based long-range precision weaponry and attack UAVs against enterprises of the Ukrainian defence industry, energy infrastructure facilities used for the benefit of the Armed Forces of Ukraine, as well as the military airfields.  ✅ The goals of the strike were achieved. All the assigned targets were engaged.  📍 Units of the Sever Group of Forces took more advantageous lines and positions. Manpower and hardware of the AFU mechanised brigade and one territorial defence brigade have been hit near Miropolye, Pisarevka, Novaya Sech, and Kondratovka (Sumy region).  💥 In Kharkov region, units of two mechanised brigades, one airmobile brigade, and one motorised infantry brigade of the AFU have been hit near Udy, Volchanskye Khutora, and Verkhniy Saltov (Kharkov region).  ▪️ The AFU losses amounted to more than 225 troops, 16 motor vehicles, one field artillery gun, and one U.S.-made MLRS launcher. One counter-battery warfare station, one ammunition depot, and seven materiel depots were neutralised.  📍 The Zapad Group of Forces improved the situation along the front line. Strikes were delivered at manpower and hardware of two mechanised brigades of the AFU, one territorial defence brigade, and one border detachment of the State Border Guard Service of Ukraine close to Novoosinovo, Grushevka (Kharkov region), Yatskovka, Rubtsy, and Krasny Liman (Donetsk People's Republic).  ▪️ The enemy losses amounted to up to 190 troops, one infantry fighting vehicle, two U.S.-made M113 armoured personnel carriers, seven armoured fighting vehicles, 21 motor vehicles, and four artillery guns, including one 155-mm Polish-made Krab self-propelled artillery system. One counter-battery warfare station and four ammunition depots were neutralised.  📍 The Yuzhnaya Group of Forces took more advantageous lines and positions. Russian troops hit one mechanised brigade, one motorised infantry brigade, one assault brigade of the AFU, and one marine brigade near Konstantinovka, Druzhkovka, Alekseyevo-Druzhkovka, Novoselovka, and Aleksandrovka (Donetsk People's Republic).  ▪️ The enemy lost up to 140 troops, one U.S.-made M113 armoured personnel carrier, three armoured fighting vehicles, ten motor vehicles, three field artillery guns, and one Grad MLRS combat vehicle. Five ammunition and materiel depots were eliminated.  👉 See Part 2   🔹 Russian Defence Ministry","כלכלה, סחר ואנרגיה",industry,"ises of the Ukrainian defence industry, energy infrastructure facili",,,
calibration_0027,Russian,"🎖🎖 by Russian Defence Ministry on progress of special military operation as of 14 March 2026  ❗️ Last night, in response to Ukraine's terrorist attacks on civilian facilities on the territory of Russia, the Armed Forces of the Russian Federation carried out a massive strike by ground-, air-, and sea-based long-range precision weaponry and attack UAVs against enterprises of the Ukrainian defence industry, energy infrastructure facilities used for the benefit of the Armed Forces of Ukraine, as well as the military airfields.  ✅ The goals of the strike were achieved. All the assigned targets were engaged.  📍 Units of the Sever Group of Forces took more advantageous lines and positions. Manpower and hardware of the AFU mechanised brigade and one territorial defence brigade have been hit near Miropolye, Pisarevka, Novaya Sech, and Kondratovka (Sumy region).  💥 In Kharkov region, units of two mechanised brigades, one airmobile brigade, and one motorised infantry brigade of the AFU have been hit near Udy, Volchanskye Khutora, and Verkhniy Saltov (Kharkov region).  ▪️ The AFU losses amounted to more than 225 troops, 16 motor vehicles, one field artillery gun, and one U.S.-made MLRS launcher. One counter-battery warfare station, one ammunition depot, and seven materiel depots were neutralised.  📍 The Zapad Group of Forces improved the situation along the front line. Strikes were delivered at manpower and hardware of two mechanised brigades of the AFU, one territorial defence brigade, and one border detachment of the State Border Guard Service of Ukraine close to Novoosinovo, Grushevka (Kharkov region), Yatskovka, Rubtsy, and Krasny Liman (Donetsk People's Republic).  ▪️ The enemy losses amounted to up to 190 troops, one infantry fighting vehicle, two U.S.-made M113 armoured personnel carriers, seven armoured fighting vehicles, 21 motor vehicles, and four artillery guns, including one 155-mm Polish-made Krab self-propelled artillery system. One counter-battery warfare station and four ammunition depots were neutralised.  📍 The Yuzhnaya Group of Forces took more advantageous lines and positions. Russian troops hit one mechanised brigade, one motorised infantry brigade, one assault brigade of the AFU, and one marine brigade near Konstantinovka, Druzhkovka, Alekseyevo-Druzhkovka, Novoselovka, and Aleksandrovka (Donetsk People's Republic).  ▪️ The enemy lost up to 140 troops, one U.S.-made M113 armoured personnel carrier, three armoured fighting vehicles, ten motor vehicles, three field artillery guns, and one Grad MLRS combat vehicle. Five ammunition and materiel depots were eliminated.  👉 See Part 2   🔹 Russian Defence Ministry",הומניטרי וסבל אזרחי,civilian,kraine's terrorist attacks on civilian facilities on the territory o,,,
calibration_0027,Russian,"🎖🎖 by Russian Defence Ministry on progress of special military operation as of 14 March 2026  ❗️ Last night, in response to Ukraine's terrorist attacks on civilian facilities on the territory of Russia, the Armed Forces of the Russian Federation carried out a massive strike by ground-, air-, and sea-based long-range precision weaponry and attack UAVs against enterprises of the Ukrainian defence industry, energy infrastructure facilities used for the benefit of the Armed Forces of Ukraine, as well as the military airfields.  ✅ The goals of the strike were achieved. All the assigned targets were engaged.  📍 Units of the Sever Group of Forces took more advantageous lines and positions. Manpower and hardware of the AFU mechanised brigade and one territorial defence brigade have been hit near Miropolye, Pisarevka, Novaya Sech, and Kondratovka (Sumy region).  💥 In Kharkov region, units of two mechanised brigades, one airmobile brigade, and one motorised infantry brigade of the AFU have been hit near Udy, Volchanskye Khutora, and Verkhniy Saltov (Kharkov region).  ▪️ The AFU losses amounted to more than 225 troops, 16 motor vehicles, one field artillery gun, and one U.S.-made MLRS launcher. One counter-battery warfare station, one ammunition depot, and seven materiel depots were neutralised.  📍 The Zapad Group of Forces improved the situation along the front line. Strikes were delivered at manpower and hardware of two mechanised brigades of the AFU, one territorial defence brigade, and one border detachment of the State Border Guard Service of Ukraine close to Novoosinovo, Grushevka (Kharkov region), Yatskovka, Rubtsy, and Krasny Liman (Donetsk People's Republic).  ▪️ The enemy losses amounted to up to 190 troops, one infantry fighting vehicle, two U.S.-made M113 armoured personnel carriers, seven armoured fighting vehicles, 21 motor vehicles, and four artillery guns, including one 155-mm Polish-made Krab self-propelled artillery system. One counter-battery warfare station and four ammunition depots were neutralised.  📍 The Yuzhnaya Group of Forces took more advantageous lines and positions. Russian troops hit one mechanised brigade, one motorised infantry brigade, one assault brigade of the AFU, and one marine brigade near Konstantinovka, Druzhkovka, Alekseyevo-Druzhkovka, Novoselovka, and Aleksandrovka (Donetsk People's Republic).  ▪️ The enemy lost up to 140 troops, one U.S.-made M113 armoured personnel carrier, three armoured fighting vehicles, ten motor vehicles, three field artillery guns, and one Grad MLRS combat vehicle. Five ammunition and materiel depots were eliminated.  👉 See Part 2   🔹 Russian Defence Ministry","לאומיות, ריבונות וטריטוריה",territory,"on civilian facilities on the territory of Russia, the Armed Forces o",,,
calibration_0028,Russian,"Our strength isn't just in weapons; it's in our spirit, our resilience, our, uh, our unity.","נשק, טילים וכלי לחימה",weapons,"Our strength isn't just in weapons; it's in our spirit, our resi",,,
calibration_0029,Russian,"❗️Andrei Belousov inspects Sever Group of Forces  ▫️ On 17 March 2026, during a working visit to the zone of the special military operation, the Russian Defence Minister inspected units of the Sever Group of Forces and heard reports on the progress of operations at the command post. The main focus was on the expansion of the security belt on the territory of Sumy and Kharkov regions as well as strengthening the defence of the border regions of the Russian Federation.  💬 Commander of the Sever Group of Forces Colonel General Yevgeny Nikiforov reported to the Defence Minister on the successes of the units since the beginning of the year. As a result of cooperated actions, seven U.S.-made HIMARS and MLRS multiple rocket launchers were detected and destroyed.  📈 The commander also noted the increased effectiveness of the measures against enemy drones. Thanks to improved cohesion and training of FPV-interceptor teams, the effectiveness of long-range unmanned aerial vehicle engagement has been significantly improved.  💥 The Sever Group's Unmanned Systems Forces Commander reported to Andrei Belousov that an increase in the number of modern strike and reconnaissance drones made it possible to improve fire on enemy positions and provide continuous air surveillance in all directions.  ⚙️ He also added that an analysis centre had been set up at the unmanned system command post to assess the effectiveness of drone operators in real time. Maintenance elements equipped with programming equipment and 3D printers are deployed to ensure uninterrupted support of the units with UAVs. Thus, they can quickly prepare for the deployment unmanned aerial vehicles of various types. They are as follows: fixed-wing UAVs, hexacopters, copters, and FPV drones.  🤝At the end of the visit to the command post, Andrei Belousov presented state awards to servicemen of the Sever Group, who had distinguished themselves during combat missions. Those who showed courage, heroism and high professionalism in the special military operation received the Order of Courage and the Order 'For Merit Before Fatherland' with Swords, 1st and 2nd classes.   🔹 Russian Defence Ministry",עימות ולוחמה - כללי,military,"it to the zone of the special military operation, the Russian Defenc",,,
calibration_0029,Russian,"❗️Andrei Belousov inspects Sever Group of Forces  ▫️ On 17 March 2026, during a working visit to the zone of the special military operation, the Russian Defence Minister inspected units of the Sever Group of Forces and heard reports on the progress of operations at the command post. The main focus was on the expansion of the security belt on the territory of Sumy and Kharkov regions as well as strengthening the defence of the border regions of the Russian Federation.  💬 Commander of the Sever Group of Forces Colonel General Yevgeny Nikiforov reported to the Defence Minister on the successes of the units since the beginning of the year. As a result of cooperated actions, seven U.S.-made HIMARS and MLRS multiple rocket launchers were detected and destroyed.  📈 The commander also noted the increased effectiveness of the measures against enemy drones. Thanks to improved cohesion and training of FPV-interceptor teams, the effectiveness of long-range unmanned aerial vehicle engagement has been significantly improved.  💥 The Sever Group's Unmanned Systems Forces Commander reported to Andrei Belousov that an increase in the number of modern strike and reconnaissance drones made it possible to improve fire on enemy positions and provide continuous air surveillance in all directions.  ⚙️ He also added that an analysis centre had been set up at the unmanned system command post to assess the effectiveness of drone operators in real time. Maintenance elements equipped with programming equipment and 3D printers are deployed to ensure uninterrupted support of the units with UAVs. Thus, they can quickly prepare for the deployment unmanned aerial vehicles of various types. They are as follows: fixed-wing UAVs, hexacopters, copters, and FPV drones.  🤝At the end of the visit to the command post, Andrei Belousov presented state awards to servicemen of the Sever Group, who had distinguished themselves during combat missions. Those who showed courage, heroism and high professionalism in the special military operation received the Order of Courage and the Order 'For Merit Before Fatherland' with Swords, 1st and 2nd classes.   🔹 Russian Defence Ministry","צבא סדיר, כוחות ולוחמה קונבנציונלית",deployment,y can quickly prepare for the deployment unmanned aerial vehicles of v,,,
calibration_0029,Russian,"❗️Andrei Belousov inspects Sever Group of Forces  ▫️ On 17 March 2026, during a working visit to the zone of the special military operation, the Russian Defence Minister inspected units of the Sever Group of Forces and heard reports on the progress of operations at the command post. The main focus was on the expansion of the security belt on the territory of Sumy and Kharkov regions as well as strengthening the defence of the border regions of the Russian Federation.  💬 Commander of the Sever Group of Forces Colonel General Yevgeny Nikiforov reported to the Defence Minister on the successes of the units since the beginning of the year. As a result of cooperated actions, seven U.S.-made HIMARS and MLRS multiple rocket launchers were detected and destroyed.  📈 The commander also noted the increased effectiveness of the measures against enemy drones. Thanks to improved cohesion and training of FPV-interceptor teams, the effectiveness of long-range unmanned aerial vehicle engagement has been significantly improved.  💥 The Sever Group's Unmanned Systems Forces Commander reported to Andrei Belousov that an increase in the number of modern strike and reconnaissance drones made it possible to improve fire on enemy positions and provide continuous air surveillance in all directions.  ⚙️ He also added that an analysis centre had been set up at the unmanned system command post to assess the effectiveness of drone operators in real time. Maintenance elements equipped with programming equipment and 3D printers are deployed to ensure uninterrupted support of the units with UAVs. Thus, they can quickly prepare for the deployment unmanned aerial vehicles of various types. They are as follows: fixed-wing UAVs, hexacopters, copters, and FPV drones.  🤝At the end of the visit to the command post, Andrei Belousov presented state awards to servicemen of the Sever Group, who had distinguished themselves during combat missions. Those who showed courage, heroism and high professionalism in the special military operation received the Order of Courage and the Order 'For Merit Before Fatherland' with Swords, 1st and 2nd classes.   🔹 Russian Defence Ministry","נשק, טילים וכלי לחימה",rocket,made HIMARS and MLRS multiple rocket launchers were detected and d,,,
calibration_0029,Russian,"❗️Andrei Belousov inspects Sever Group of Forces  ▫️ On 17 March 2026, during a working visit to the zone of the special military operation, the Russian Defence Minister inspected units of the Sever Group of Forces and heard reports on the progress of operations at the command post. The main focus was on the expansion of the security belt on the territory of Sumy and Kharkov regions as well as strengthening the defence of the border regions of the Russian Federation.  💬 Commander of the Sever Group of Forces Colonel General Yevgeny Nikiforov reported to the Defence Minister on the successes of the units since the beginning of the year. As a result of cooperated actions, seven U.S.-made HIMARS and MLRS multiple rocket launchers were detected and destroyed.  📈 The commander also noted the increased effectiveness of the measures against enemy drones. Thanks to improved cohesion and training of FPV-interceptor teams, the effectiveness of long-range unmanned aerial vehicle engagement has been significantly improved.  💥 The Sever Group's Unmanned Systems Forces Commander reported to Andrei Belousov that an increase in the number of modern strike and reconnaissance drones made it possible to improve fire on enemy positions and provide continuous air surveillance in all directions.  ⚙️ He also added that an analysis centre had been set up at the unmanned system command post to assess the effectiveness of drone operators in real time. Maintenance elements equipped with programming equipment and 3D printers are deployed to ensure uninterrupted support of the units with UAVs. Thus, they can quickly prepare for the deployment unmanned aerial vehicles of various types. They are as follows: fixed-wing UAVs, hexacopters, copters, and FPV drones.  🤝At the end of the visit to the command post, Andrei Belousov presented state awards to servicemen of the Sever Group, who had distinguished themselves during combat missions. Those who showed courage, heroism and high professionalism in the special military operation received the Order of Courage and the Order 'For Merit Before Fatherland' with Swords, 1st and 2nd classes.   🔹 Russian Defence Ministry","תקיפות, סיכולים וחיסולים",strike,rease in the number of modern strike and reconnaissance drones mad,,,
calibration_0029,Russian,"❗️Andrei Belousov inspects Sever Group of Forces  ▫️ On 17 March 2026, during a working visit to the zone of the special military operation, the Russian Defence Minister inspected units of the Sever Group of Forces and heard reports on the progress of operations at the command post. The main focus was on the expansion of the security belt on the territory of Sumy and Kharkov regions as well as strengthening the defence of the border regions of the Russian Federation.  💬 Commander of the Sever Group of Forces Colonel General Yevgeny Nikiforov reported to the Defence Minister on the successes of the units since the beginning of the year. As a result of cooperated actions, seven U.S.-made HIMARS and MLRS multiple rocket launchers were detected and destroyed.  📈 The commander also noted the increased effectiveness of the measures against enemy drones. Thanks to improved cohesion and training of FPV-interceptor teams, the effectiveness of long-range unmanned aerial vehicle engagement has been significantly improved.  💥 The Sever Group's Unmanned Systems Forces Commander reported to Andrei Belousov that an increase in the number of modern strike and reconnaissance drones made it possible to improve fire on enemy positions and provide continuous air surveillance in all directions.  ⚙️ He also added that an analysis centre had been set up at the unmanned system command post to assess the effectiveness of drone operators in real time. Maintenance elements equipped with programming equipment and 3D printers are deployed to ensure uninterrupted support of the units with UAVs. Thus, they can quickly prepare for the deployment unmanned aerial vehicles of various types. They are as follows: fixed-wing UAVs, hexacopters, copters, and FPV drones.  🤝At the end of the visit to the command post, Andrei Belousov presented state awards to servicemen of the Sever Group, who had distinguished themselves during combat missions. Those who showed courage, heroism and high professionalism in the special military operation received the Order of Courage and the Order 'For Merit Before Fatherland' with Swords, 1st and 2nd classes.   🔹 Russian Defence Ministry","לאומיות, ריבונות וטריטוריה",territory,n of the security belt on the territory of Sumy and Kharkov regions a,,,
calibration_0033,Ukrainian,"Today is the first day of the holy month of Ramadan. This is a time of sincere prayer and deep faith. But, unfortunately, thousands of Ukrainian Muslims meet this day on the battlefield, and part of the Crimean Tatar people - under Russian occupation and in Russian captivity.   We remember about",עימות ולוחמה - כללי,battlefield,"Muslims meet this day on the battlefield, and part of the Crimean Tata",,,
calibration_0033,Ukrainian,"Today is the first day of the holy month of Ramadan. This is a time of sincere prayer and deep faith. But, unfortunately, thousands of Ukrainian Muslims meet this day on the battlefield, and part of the Crimean Tatar people - under Russian occupation and in Russian captivity.   We remember about","דת, מסורת וזהות",holy,Today is the first day of the holy month of Ramadan. This is a t,,,
calibration_0033,Ukrainian,"Today is the first day of the holy month of Ramadan. This is a time of sincere prayer and deep faith. But, unfortunately, thousands of Ukrainian Muslims meet this day on the battlefield, and part of the Crimean Tatar people - under Russian occupation and in Russian captivity.   We remember about",זיכרון היסטורי ועבר,remember,and in Russian captivity. We remember about,,,
calibration_0034,Ukrainian,"Air defense neutralized 109 out of 133 drones that the Russian army used to attack Ukraine at night, the Air Force of the Ukrainian Armed Forces reports. However, 20 drones were hit at 11 locations, and debris fell at seven.",עימות ולוחמה - כללי,defense,Air defense neutralized 109 out of 133 dr,,,
calibration_0034,Ukrainian,"Air defense neutralized 109 out of 133 drones that the Russian army used to attack Ukraine at night, the Air Force of the Ukrainian Armed Forces reports. However, 20 drones were hit at 11 locations, and debris fell at seven.","צבא סדיר, כוחות ולוחמה קונבנציונלית",army,f 133 drones that the Russian army used to attack Ukraine at nig,,,
calibration_0034,Ukrainian,"Air defense neutralized 109 out of 133 drones that the Russian army used to attack Ukraine at night, the Air Force of the Ukrainian Armed Forces reports. However, 20 drones were hit at 11 locations, and debris fell at seven.","נשק, טילים וכלי לחימה",drones,se neutralized 109 out of 133 drones that the Russian army used to,,,
calibration_0034,Ukrainian,"Air defense neutralized 109 out of 133 drones that the Russian army used to attack Ukraine at night, the Air Force of the Ukrainian Armed Forces reports. However, 20 drones were hit at 11 locations, and debris fell at seven.","תקיפות, סיכולים וחיסולים",neutralized,Air defense neutralized 109 out of 133 drones that th,,,
calibration_0035,Ukrainian,"❗️British Prime Minister Keir Starmer and Ukrainian President Volodymyr Zelenskyy signed a declaration on enhanced cooperation in the field of security and defense in London.  The declaration states that the two countries will work to develop a joint defense-industrial and technological ecosystem. This cooperation may include the creation of joint production lines, joint research and development, the integration of defense supply chains, and the development of industrial partnerships.",עימות ולוחמה - כללי,defense,in the field of security and defense in London. The declaration st,,,
calibration_0035,Ukrainian,"❗️British Prime Minister Keir Starmer and Ukrainian President Volodymyr Zelenskyy signed a declaration on enhanced cooperation in the field of security and defense in London.  The declaration states that the two countries will work to develop a joint defense-industrial and technological ecosystem. This cooperation may include the creation of joint production lines, joint research and development, the integration of defense supply chains, and the development of industrial partnerships.",דיפלומטיה ויחסים בינלאומיים,cooperation,ned a declaration on enhanced cooperation in the field of security and,,,
calibration_0035,Ukrainian,"❗️British Prime Minister Keir Starmer and Ukrainian President Volodymyr Zelenskyy signed a declaration on enhanced cooperation in the field of security and defense in London.  The declaration states that the two countries will work to develop a joint defense-industrial and technological ecosystem. This cooperation may include the creation of joint production lines, joint research and development, the integration of defense supply chains, and the development of industrial partnerships.","טכנולוגיה, חדשנות ומדע",technological,joint defense-industrial and technological ecosystem. This cooperation m,,,
calibration_0036,Ukrainian,May the New 2022 be full of joy and breathtaking visits to Ukraine   ig: Olya_flydji,(none detected),,,,,
calibration_0037,Ukrainian,Just saw another video from the front... those guys are literally superheroes in camouflage.,(none detected),,,,,
calibration_0041,Western,Universal education is like the best investment a country can make in its future.,"כלכלה, סחר ואנרגיה",investment,al education is like the best investment a country can make in its fut,,,
calibration_0041,Western,Universal education is like the best investment a country can make in its future.,זכויות אדם וצדק חברתי,education,Universal education is like the best investment a,,,
calibration_0042,Western,"We absolutely have to stand firm against authoritarian regimes, otherwise, what's next?",(none detected),,,,,
calibration_0043,Western,It's about strategic patience and resolve. We can't back down when our principles are challenged.,(none detected),,,,,
calibration_0044,Western,"Buildings, cars, bridges; none exist without welding.  For one Kazakh family, the craft has shaped three generations, proving that human skill and creativity can’t be automated.  As demand for skilled workers grows in Kazakhstan, their story shows why craftsmanship still powers the country’s future.  Find out more on #VoicesfromCentralAsia: https://www.euronews.com/culture/2025/12/31/how-one-family-of-welders-shows-why-skilled-trades-still-matter-in-kazakhstan  In partnership with @media.damytu.qory",דיפלומטיה ויחסים בינלאומיים,partnership,uture. Find out more on  : In partnership with  .damytu.qory,,,
calibration_0044,Western,"Buildings, cars, bridges; none exist without welding.  For one Kazakh family, the craft has shaped three generations, proving that human skill and creativity can’t be automated.  As demand for skilled workers grows in Kazakhstan, their story shows why craftsmanship still powers the country’s future.  Find out more on #VoicesfromCentralAsia: https://www.euronews.com/culture/2025/12/31/how-one-family-of-welders-shows-why-skilled-trades-still-matter-in-kazakhstan  In partnership with @media.damytu.qory",זכויות אדם וצדק חברתי,workers,"omated. As demand for skilled workers grows in Kazakhstan, their st",,,
calibration_0044,Western,"Buildings, cars, bridges; none exist without welding.  For one Kazakh family, the craft has shaped three generations, proving that human skill and creativity can’t be automated.  As demand for skilled workers grows in Kazakhstan, their story shows why craftsmanship still powers the country’s future.  Find out more on #VoicesfromCentralAsia: https://www.euronews.com/culture/2025/12/31/how-one-family-of-welders-shows-why-skilled-trades-still-matter-in-kazakhstan  In partnership with @media.damytu.qory",זיכרון היסטורי ועבר,generations,"y, the craft has shaped three generations, proving that human skill and",,,
calibration_0045,Western,"Five European nations have determined that Russia poisoned Alexei Navalny.   This was a cowardly act from a frightened leader.  Russia has long acted as a terrorist state, relying on terrorist methods.  Poisoning political opponents. Silencing journalists. Invading peaceful",טרור ואיום קיומי,terrorist,"r. Russia has long acted as a terrorist state, relying on terrorist m",,,
calibration_0045,Western,"Five European nations have determined that Russia poisoned Alexei Navalny.   This was a cowardly act from a frightened leader.  Russia has long acted as a terrorist state, relying on terrorist methods.  Poisoning political opponents. Silencing journalists. Invading peaceful","לאומיות, ריבונות וטריטוריה",nations,Five European nations have determined that Russia p,,,
calibration_0045,Western,"Five European nations have determined that Russia poisoned Alexei Navalny.   This was a cowardly act from a frightened leader.  Russia has long acted as a terrorist state, relying on terrorist methods.  Poisoning political opponents. Silencing journalists. Invading peaceful","תקשורת, תעמולה ודיסאינפורמציה",journalists,olitical opponents. Silencing journalists. Invading peaceful,,,
calibration_0049,Zionist,INTELLIGENCE REVEALS: BROTHER OF TERRORIST BEHIND U.S. SYNAGOGUE ATTACK WAS A HEZBOLLAH TERRORIST  Hezbollah commander Ibrahim Muhammad Ghazali was responsible for managing weapons operations within a specialized branch of the Badr Unit. The unit is responsible for launching,"נשק, טילים וכלי לחימה",weapons,was responsible for managing weapons operations within a specializ,,,
calibration_0049,Zionist,INTELLIGENCE REVEALS: BROTHER OF TERRORIST BEHIND U.S. SYNAGOGUE ATTACK WAS A HEZBOLLAH TERRORIST  Hezbollah commander Ibrahim Muhammad Ghazali was responsible for managing weapons operations within a specialized branch of the Badr Unit. The unit is responsible for launching,טרור ואיום קיומי,TERRORIST,ELLIGENCE REVEALS: BROTHER OF TERRORIST BEHIND U.S. SYNAGOGUE ATTACK,,,
calibration_0049,Zionist,INTELLIGENCE REVEALS: BROTHER OF TERRORIST BEHIND U.S. SYNAGOGUE ATTACK WAS A HEZBOLLAH TERRORIST  Hezbollah commander Ibrahim Muhammad Ghazali was responsible for managing weapons operations within a specialized branch of the Badr Unit. The unit is responsible for launching,"דת, מסורת וזהות",SYNAGOGUE,THER OF TERRORIST BEHIND U.S. SYNAGOGUE ATTACK WAS A HEZBOLLAH TERROR,,,
calibration_0050,Zionist,"ANOTHER CEASEFIRE VIOLATION: A terrorist crossed the Yellow Line in southern Gaza and approached IDF troops, posing an imminent threat.  The IAF struck and eliminated the terrorist in order to remove the threat.",עימות ולוחמה - כללי,CEASEFIRE VIOLATION,ANOTHER CEASEFIRE VIOLATION: A terrorist crossed the Yell,,,
calibration_0050,Zionist,"ANOTHER CEASEFIRE VIOLATION: A terrorist crossed the Yellow Line in southern Gaza and approached IDF troops, posing an imminent threat.  The IAF struck and eliminated the terrorist in order to remove the threat.","צבא סדיר, כוחות ולוחמה קונבנציונלית",troops,"thern Gaza and approached IDF troops, posing an imminent threat. T",,,
calibration_0050,Zionist,"ANOTHER CEASEFIRE VIOLATION: A terrorist crossed the Yellow Line in southern Gaza and approached IDF troops, posing an imminent threat.  The IAF struck and eliminated the terrorist in order to remove the threat.","תקיפות, סיכולים וחיסולים",eliminated,nt threat. The IAF struck and eliminated the terrorist in order to rem,,,
calibration_0050,Zionist,"ANOTHER CEASEFIRE VIOLATION: A terrorist crossed the Yellow Line in southern Gaza and approached IDF troops, posing an imminent threat.  The IAF struck and eliminated the terrorist in order to remove the threat.",טרור ואיום קיומי,terrorist,NOTHER CEASEFIRE VIOLATION: A terrorist crossed the Yellow Line in so,,,
calibration_0050,Zionist,"ANOTHER CEASEFIRE VIOLATION: A terrorist crossed the Yellow Line in southern Gaza and approached IDF troops, posing an imminent threat.  The IAF struck and eliminated the terrorist in order to remove the threat.",דיפלומטיה ויחסים בינלאומיים,CEASEFIRE,ANOTHER CEASEFIRE VIOLATION: A terrorist crosse,,,
calibration_0051,Zionist,This morning we will continue to post videos and images that depict Hamas warcrimes and the sophistication of their premeditated attacks on civilian communities.,טרור ואיום קיומי,Hamas,videos and images that depict Hamas warcrimes and the sophisticat,,,
calibration_0051,Zionist,This morning we will continue to post videos and images that depict Hamas warcrimes and the sophistication of their premeditated attacks on civilian communities.,הומניטרי וסבל אזרחי,civilian,their premeditated attacks on civilian communities.,,,
calibration_0052,Zionist,"🎙 Today's podcast is one of the most powerful channels for creating alternative communication, building personal branding and strengthening the image of you and your business.  The new videocast studios offer members of the Abu Ali Express group a particularly worthwhile promotion for those who want to start a high-level podcast - or for those who already have and want to level up.  🎥 4 sessions in the studio, each session lasting an hour and a half + full editing for the episode 💰 only 3,000 NIS instead of 4,500 NIS 👇 To leave details https://videocast.fillout.com/telegram","כלכלה, סחר ואנרגיה",business,ing the image of you and your business. The new videocast studios of,,,
calibration_0053,Zionist,"We've always extended a hand for peace, but it takes two to tango, unfortunately.",(none detected),,,,,
