topic_id,count_before,count_after,label_before_1word,top_words_before,label_after_3word_deduped,top_words_after
102,31,31,rulesbased,rulesbased | order | rules | fancy | wests | just,based order rules,based order | rules based | order talk | west rules | western dominance | benefit law
105,30,30,rulesbased,rulesbased | order | chaos | global | rule | rules,global rules based,global rules | rules based | based order | upholding global | order imperfect | chaos right
186,20,20,stability,stability | call | maintaining | prefer | experiments | chaotic,maintaining control prefer,maintaining control | prefer stability | want stability | stability chaos | stability matters | discussions focus
209,18,18,call,call | whos | terrorism | selfdefense | terrorists | occupying,terrorists really land,terrorists really | land killing | terrorism | terrorism self | brutal decades | terrorizing region
169,22,22,hard,hard | work | handouts | dream | handout | rewarded,american dream work,american dream | work used | used mean | earn work | work american | social contract
260,13,13,hegemony,hegemony | presuppositions | era | civilization | west | inevitable,inevitable like era,inevitable like | era western | world changing | catastrophe presuppositions | abandons god | fall hegemony
292,10,10,forum,forum | ecclesiastical | prof | arena | knesset | yeruham,ecclesiastical forum arena,ecclesiastical forum | arena | economics education | historical public | law noach | knesset
291,10,10,kharkov,kharkov | academician | pavlova | looting | something | center,kharkov attacks evacuation,kharkov kharkov | attacks kharkov | kharkov evacuation | kharkov center | kharkov building | kharkov arrived
290,10,10,yeltsin,yeltsin | navalny | ilya | poisoning | undesirable | alexei,yeltsin poisoning alexei,yeltsin | poisoning | alexei navalny | circus | moscow times | anti russian
288,10,10,tabriz,tabriz | usisraeli | bodies | children | rescue | rubble,killed israeli bodies,killed israeli | bodies children | tabriz iran | children killed | israeli attacks | rescue teams
289,10,10,disconcerting,disconcerting | hereits | least | tweeting | labeling | predictable,bad people comments,bad people | comments disconcerting | complain openly | different simple | live frustrating | frustrating say
287,10,10,occupation,occupation | normalize | forget | impossible | legitimize | betrayal,normalize occupation deny,normalize occupation | deny honestly | day normalize | impossible normalization | accept impossible | compromises negotiations
286,11,11,korean,korean | north | korea | deployed | koreas | pyongyang,north korean troops,north korean | korean troops | pyongyang | 000 north | korean forces | kursk region
277,11,11,refinery,refinery | primorsk | port | oil | baltic | tons,refinery port primorsk,refinery | port primorsk | leningrad region | port baltic | primorsk oil | vertical tank
281,11,11,threats,threats | expecting | sticks | grow | brilliant | pushing,defense imagine attacks,defense imagine | attacks expecting | hearing threats | facing threats | expecting restraint | expecting reaction
280,11,11,nato,nato | tiger | help | trump | bad | donald,paper tiger bad,paper tiger | bad future | disappointment nato | nato paper | future nato | trump warned
279,11,11,kursk,kursk | incursion | ukrainian | crossborder | pokrovsk | russia,kursk region russia,kursk | kursk region | russia kursk | incursion russia | territory kyiv | battle kursk
282,11,11,standards,standards | double | infuriating | rule | mindboggling | condemn,double standards just,double standards | standards just | infuriating rule | standards infuriating | condemn resistance | fair double
278,11,11,borders,borders | nation | secure | without | geographical | cant,nation secure country,nation secure | country border | secure borders | geographical area | nation end | nation borders
283,11,11,invasions,invasions | invasion | unprovoked | wmds | historical | cities,unprovoked invasion cities,unprovoked invasion | cities defense | forgetting history | historical invasions | invade ends | remember invasions
284,11,11,hate,hate | about | justice | hatred | its | oppression,hate justice isn,hate justice | isn hate | hate law | hatred | hate liberation | determination hate
0,254,254,telephone,telephone | conversation | vladimir | putin | lavrov | meeting,bit ly telephone,bit ly | telephone conversation | conversation president | lavrov | conversation prime | putin
1,214,214,home,home | backups | bring | families | project | abductees,bring home project,bring home | project backups | home project | backups | rani | goili
2,193,193,maria,maria | lying | whole | again | diplomat | world,lying world maria,lying world | maria lying | god diplomat | diplomat | madame forgive | world russianstatterrorist
3,156,156,ukraine,ukraine | ukrainians | crimea | glory | europe | stand,glory ukraine stand,glory ukraine | stand ukraine | ukraine prevail | future ukraine | crimea ukraine | exist ukrainians
4,150,150,gaza,gaza | ceasefire | humanitarian | palestinians | aid | deal,gaza ceasefire humanitarian,gaza ceasefire | gaza | humanitarian | gaza strip | palestinians gaza | gaza world
