narrative_name,text,hard_topic_id,hard_topic_label,soft_top1_id,soft_top1_label,soft_top1_score_norm,soft_top2_id,soft_top2_label,soft_top2_score_norm,soft_top3_id,soft_top3_label,soft_top3_score_norm,raw_top1_score,raw_top2_score,raw_top3_score,row_sum,dominance_ratio,case,hard_soft_agree,example_type
Left-wing,LA Gave More Money to Cops While Cutting Fire Budgets. Now It’s Burning.  https://theintercept.com/2025/01/08/la-police-budget-palisades-fires/,78,schooltoprison pipeline,78.0,schooltoprison pipeline,1.0,,,,,,,1.0,0.0,0.0,1.0,1.0,dominant_single_topic,True,clean_agreement_dominant
Left-wing,We need to stop the school-to-prison pipeline once and for all by investing in counselors instead of more cops in hallways.,78,schooltoprison pipeline,78.0,schooltoprison pipeline,1.0,,,,,,,1.0,0.0,0.0,1.0,1.0,dominant_single_topic,True,clean_agreement_dominant
Left-wing,"On Labor Day 2025, we thank the trade union movement in America for protecting the needs of working families.  When labor unions do well, we all do well.  Let’s grow the trade union movement.",72,worker deserves,72.0,worker deserves,1.0,,,,,,,1.0,0.0,0.0,1.0,1.0,dominant_single_topic,True,clean_agreement_dominant
Left-wing,"A wealth tax isn't some crazy idea, it's a way to fund public services that everyone benefits from.",11,wealth,11.0,wealth,1.0,,,,,,,1.0,0.0,0.0,1.0,1.0,dominant_single_topic,True,clean_agreement_dominant
Left-wing,Trump Wants Immigrants on U.S. Soil to Hand Over Social Media Accounts to Apply for Citizenship  https://theintercept.com/2025/03/23/trump-immigrants-social-media-citizenship-green-card/,89,path citizenship,89.0,path citizenship,1.0,,,,,,,1.0,0.0,0.0,1.0,1.0,dominant_single_topic,True,clean_agreement_dominant
Left-wing,"Palestinian protester Leqaa Kordia has been released from ICE detention after more than a year in custody.  Kordia, a New Jersey resident originally from the West Bank, was the last protester still being held following the Trump administration’s crackdown on pro-Palestinian campus demonstrations.  She had been detained since March 2025 at a detention center in Texas after immigration officials accused her of overstaying her visa.  While in detention, Kordia was hospitalized for three days after suffering a seizure and hitting her head at the facility.  Her arrest followed a 2024 Gaza solidarity protest outside Columbia University, where around 100 demonstrators were detained",8,hamas,55.0,west bank,1.0,,,,,,,1.0,0.0,0.0,1.0,1.0,dominant_single_topic,False,hard_soft_disagreement
Zionist,"Today, with the ascension of the family of the late Rani Goili to the grave at the end of the seven days, one of the most terrible and painful periods the people of Israel have known ends. The family, friends, comrades-in-arms and Israeli police officers and many others gathered this morning at the fresh grave of Rani Goili, a hero of Israel and defender of the unknown.   Rani, the last remaining abductee in Gaza, was finally laid to rest - not as we had hoped, but as it had to happen: at home, on his land, surrounded by the love of his family and people.  This is a moment of deep mourning, but also of closing a painful national circle. 255 abductees were returned to Israel. 87 were placed as victims, each one a world and full, each of them an open wound in the hearts of the families and in the heart of the entire country.  The headquarters of the families for the return of the abductees ends its activity with a sense of unrelenting pain for all those who could be with us here today and are not, but also with a clear knowledge: the struggle was waged in the name of the values ​​of the State of Israel and the people of Israel. The values ​​of mutual guarantee, social solidarity and the duty to return home every abductee regardless of religion, race and gender, soldiers and civilians, living or dead.   This historic struggle for their return will be engraved in the national memory as a reminder of the unimaginable human cost of October 7, and of the deep commitment of Israeli society to the families, the missing and the missing. It was also the beautiful hour of the people of Israel who took to the streets en masse, all over the country in the name of these values.  On this day, we will also cherish the soldiers and women of the IDF and all the security forces for a very long and bloody fight. We will send a blessing of recovery to all those wounded in body and soul and we will forever be grateful to all the bereaved families who lost the most precious to them of all. We bow our heads to the Goyili family and to all the families of the martyrs, and pray that we will never have to fight like this again. This is the time for restoration, for all the people of Israel. Photography: Uriel Ibn Sapir Bring Them Home Now by @BringThemHomeNow A @grttme project - Other backups: @Hallotme",6,bring home,97.0,traditional values,0.6211647004642656,65.0,jerusalem heart,0.21510578564445348,76.0,martyrs,0.16372951389128085,0.5803721421645354,0.2009795558458955,0.15297721947434978,1.0,0.5803721421645354,dominant_single_topic,False,hard_soft_disagreement
Western,"Moldova needs to push back against Russian propaganda in its attempt to tread the path to EU membership, the country's foreign minister has told Euronews in an exclusive interview to Sergio Cantone, which #RadioSchuman features today.  https://podcasts.euronews.com/radio-schuman/202411200600-we-must-combat-russian-propaganda-moldova-says-moldovan-fore",43,hungary,77.0,enemy february,0.6598045003393747,99.0,radio schuman,0.34019549966062546,,,,0.6598045003393747,0.34019549966062546,0.0,1.0,0.6598045003393747,dominant_single_topic,False,hard_soft_disagreement
Resistance,"Massive fires erupt in Arad, southern occupied Palestine, following the latest Iranian missile strikes",0,iranian,41.0,sirens sound,1.0,,,,,,,1.0,0.0,0.0,1.0,1.0,dominant_single_topic,False,hard_soft_disagreement
Ukrainian,"Ukraine has imposed sanctions against Russian and Iranian companies and citizens who help Russia produce weapons, and 10 Paralympians who fought against Ukraine.  The first package of restrictions included 130 individuals and 48 legal entities. These are companies involved in the supply of components for the production of equipment of the ""Comet"" series (they are used in Russian drones, cruise and ballistic missiles, guided munitions, and airplanes). The list also includes enterprises involved in the production of the Oreshnik missile complex.  The list also included Iranian companies and citizens involved in the production of drones and missiles, as well as instructors who trained Russian Shahed operators.  In addition, Ukraine initiated a ban on entry into EU countries and the introduction of sanctions against almost 130 Russian commanders involved in crimes against Ukrainians.   @babel",54,loan,74.0,sanctions,1.0,,,,,,,1.0,0.0,0.0,1.0,1.0,dominant_single_topic,False,hard_soft_disagreement
Left-wing,"The poll put the Greens in second place among voters of all ages, just two points behind Reform.",99,radio schuman,,,,,,,,,,0.0,0.0,0.0,0.0,,no_soft_signal,,no_soft_signal
Left-wing,"An internal autopsy by the US Democratic party found Kamala Harris lost significant support in the 2024 election because of the Biden administration’s policy of arming and funding Israel’s genocide in Gaza, according to a report by American news website Axios.  The autopsy, which",13,gaza,,,,,,,,,,0.0,0.0,0.0,0.0,,no_soft_signal,,no_soft_signal
Russian,@MariaVladimirovnaZakharova I remember #MadamSorryGodThe diplomat said that the Russian army took control of the Zaporozhye Nuclear Power Plant so that “everything would be fine.”  As usual #MariaIsLyingToTheWorldAgain See what Russian “good” looks like in the next post.  #Masha Is Lying Again,10,lying world,,,,,,,,,,0.0,0.0,0.0,0.0,,no_soft_signal,,no_soft_signal
Ukrainian,"Stay safe everyone, another night in the bomb shelter but they can't break our spirit, no way.",50,bravery,,,,,,,,,,0.0,0.0,0.0,0.0,,no_soft_signal,,no_soft_signal
Right-wing,"“We have found hundreds of thousands of people who shouldn't be on the voter rolls. People who are dead, people who moved, duplicate registrations.”  — Harmeet Dhillon on the federal government's efforts to audit voter records  https://youtu.be/132KPr2_FBk",2,kent,,,,,,,,,,0.0,0.0,0.0,0.0,,no_soft_signal,,no_soft_signal
