topic_a,topic_a_label,topic_b,topic_b_label,co_occurrence_count
20,human rights,283,rights abuses,3
60,missile impact,304,israeli settlers,2
157,patriarchy,182,systemic racism,1
145,capitalism,288,filibuster actually,1
98,mosque,122,safety isn,1
98,mosque,209,eid al,1
122,safety isn,209,eid al,1
85,trans,242,vk web,1
85,trans,92,feel safe,1
164,musk,187,coin,1
134,prison industrial,186,racial justice,1
65,occupied west,302,admissions,1
242,vk web,247,deportation,1
44,palestine following,258,aviv vibrant,1
184,gaza world,305,transparency accountability,1
125,offered peace,197,brics,1
44,palestine following,60,missile impact,1
44,palestine following,304,israeli settlers,1
42,west,67,talk democracy,1
82,naeini,116,waters tree,1
82,naeini,175,larijani,1
116,waters tree,175,larijani,1
60,missile impact,65,occupied west,1
65,occupied west,304,israeli settlers,1
82,naeini,113,single missile,1
93,lebanon breaking,104,litani river,1
185,speech means,228,love leave,1
118,public transit,287,western values,1
136,patriotism isn,140,history tearing,1
155,save america,260,common sense,1
