topic,month,narrative_count,narratives_present,min_text_count,min_author_count,total_texts
iran,2026-03,7,"Left-wing,Resistance,Right-wing,Russian,Ukrainian,Western,Zionist",9,2,581
us_politics_trump,2026-03,7,"Left-wing,Resistance,Right-wing,Russian,Ukrainian,Western,Zionist",10,2,197
us_politics_trump,2026-02,7,"Left-wing,Resistance,Right-wing,Russian,Ukrainian,Western,Zionist",3,1,58
israel_hezbollah_gaza,2026-03,5,"Left-wing,Resistance,Right-wing,Russian,Zionist",13,2,484
russia_ukraine,2026-03,5,"Left-wing,Right-wing,Russian,Ukrainian,Western",3,1,211
us_politics_trump,2026-01,5,"Left-wing,Resistance,Right-wing,Western,Zionist",3,1,35
israel_hezbollah_gaza,2026-02,3,"Left-wing,Russian,Zionist",6,2,127
russia_ukraine,2026-02,3,"Russian,Ukrainian,Western",23,2,192
russia_ukraine,2026-08,3,"Russian,Ukrainian,Western",3,2,25
us_politics_trump,2026-08,3,"Left-wing,Resistance,Western",3,2,12
iran,2026-02,3,"Resistance,Russian,Zionist",8,1,55
russia_ukraine,2025-12,3,"Russian,Ukrainian,Western",3,1,26
russia_ukraine,2026-01,3,"Russian,Ukrainian,Western",8,1,39
us_politics_trump,2025-11,3,"Left-wing,Right-wing,Western",3,1,16
ceasefire_hostage_peace,2026-02,2,"Ukrainian,Zionist",4,2,25
israel_hezbollah_gaza,2026-08,2,"Resistance,Zionist",4,2,15
ceasefire_hostage_peace,2026-03,2,"Ukrainian,Zionist",4,1,8
iran,2026-01,2,"Resistance,Right-wing",3,1,24
israel_hezbollah_gaza,2025-11,2,"Resistance,Zionist",3,1,22
russia_ukraine,2022-01,2,"Russian,Ukrainian",10,1,21
russia_ukraine,2022-02,2,"Russian,Ukrainian",20,1,63
russia_ukraine,2022-03,2,"Russian,Ukrainian",11,1,25
russia_ukraine,2025-11,2,"Russian,Western",5,1,11
us_politics_trump,2025-09,2,"Left-wing,Right-wing",7,1,17
us_politics_trump,2025-10,2,"Left-wing,Right-wing",14,1,39
us_politics_trump,2025-12,2,"Left-wing,Russian",3,1,11
iran,2026-08,1,Resistance,9,3,9
israel_hezbollah_gaza,2026-01,1,Zionist,61,3,61
ceasefire_hostage_peace,2025-12,1,Zionist,11,2,11
ceasefire_hostage_peace,2026-01,1,Zionist,17,2,17
israel_hezbollah_gaza,2025-12,1,Zionist,42,2,42
iran,2022-01,1,Russian,3,1,3
iran,2025-11,1,Zionist,3,1,3
iran,2025-12,1,Resistance,11,1,11
israel_hezbollah_gaza,2025-07,1,Left-wing,4,1,4
israel_hezbollah_gaza,2025-09,1,Right-wing,8,1,8
israel_hezbollah_gaza,2025-10,1,Right-wing,6,1,6
russia_ukraine,2021-11,1,Ukrainian,4,1,4
russia_ukraine,2021-12,1,Russian,25,1,25
russia_ukraine,2022-04,1,Ukrainian,5,1,5
russia_ukraine,2022-05,1,Ukrainian,3,1,3
russia_ukraine,2022-06,1,Ukrainian,4,1,4
russia_ukraine,2022-07,1,Ukrainian,4,1,4
russia_ukraine,2022-08,1,Ukrainian,3,1,3
russia_ukraine,2022-10,1,Ukrainian,11,1,11
russia_ukraine,2023-07,1,Ukrainian,3,1,3
russia_ukraine,2023-08,1,Ukrainian,3,1,3
russia_ukraine,2023-12,1,Ukrainian,6,1,6
russia_ukraine,2024-01,1,Ukrainian,3,1,3
russia_ukraine,2024-03,1,Ukrainian,3,1,3
russia_ukraine,2025-02,1,Ukrainian,3,1,3
russia_ukraine,2025-10,1,Western,6,1,6
us_politics_trump,2021-12,1,Russian,29,1,29
us_politics_trump,2022-01,1,Russian,15,1,15
us_politics_trump,2022-02,1,Russian,35,1,35
us_politics_trump,2022-03,1,Russian,12,1,12
us_politics_trump,2025-07,1,Left-wing,15,1,15
us_politics_trump,2025-08,1,Left-wing,11,1,11
