topic,month,narrative_name,text_count,author_count
ceasefire_hostage_peace,2022-03,Russian,1,1
ceasefire_hostage_peace,2023-03,Ukrainian,1,1
ceasefire_hostage_peace,2025-09,Right-wing,1,1
ceasefire_hostage_peace,2025-10,Right-wing,1,1
ceasefire_hostage_peace,2025-11,Zionist,1,1
ceasefire_hostage_peace,2025-12,Russian,1,1
ceasefire_hostage_peace,2025-12,Zionist,11,2
ceasefire_hostage_peace,2026-01,Resistance,1,1
ceasefire_hostage_peace,2026-01,Russian,2,1
ceasefire_hostage_peace,2026-01,Zionist,17,2
ceasefire_hostage_peace,2026-02,Left-wing,1,1
ceasefire_hostage_peace,2026-02,Resistance,2,1
ceasefire_hostage_peace,2026-02,Russian,1,1
ceasefire_hostage_peace,2026-02,Ukrainian,4,2
ceasefire_hostage_peace,2026-02,Western,1,1
ceasefire_hostage_peace,2026-02,Zionist,21,2
ceasefire_hostage_peace,2026-03,Left-wing,1,1
ceasefire_hostage_peace,2026-03,Resistance,1,1
ceasefire_hostage_peace,2026-03,Right-wing,1,1
ceasefire_hostage_peace,2026-03,Ukrainian,4,1
ceasefire_hostage_peace,2026-03,Western,2,1
ceasefire_hostage_peace,2026-03,Zionist,4,2
ceasefire_hostage_peace,2026-07,Right-wing,1,1
ceasefire_hostage_peace,2026-08,Western,1,1
iran,2022-01,Russian,3,1
iran,2022-02,Russian,1,1
iran,2022-04,Ukrainian,1,1
iran,2022-08,Ukrainian,1,1
iran,2025-10,Western,1,1
iran,2025-11,Zionist,3,1
iran,2025-12,Resistance,11,1
iran,2025-12,Russian,1,1
iran,2025-12,Zionist,1,1
iran,2026-01,Resistance,21,1
iran,2026-01,Right-wing,3,1
iran,2026-01,Russian,1,1
iran,2026-01,Western,2,1
iran,2026-02,Resistance,25,1
iran,2026-02,Russian,8,2
iran,2026-02,Ukrainian,2,1
iran,2026-02,Western,2,1
iran,2026-02,Zionist,22,2
iran,2026-03,Left-wing,22,2
iran,2026-03,Resistance,221,3
iran,2026-03,Right-wing,38,2
iran,2026-03,Russian,38,2
iran,2026-03,Ukrainian,22,2
iran,2026-03,Western,9,2
iran,2026-03,Zionist,231,4
iran,2026-08,Resistance,9,3
iran,2026-08,Zionist,2,2
israel_hezbollah_gaza,2021-12,Russian,2,1
israel_hezbollah_gaza,2022-01,Russian,1,1
israel_hezbollah_gaza,2022-02,Russian,1,1
israel_hezbollah_gaza,2022-03,Russian,2,1
israel_hezbollah_gaza,2025-07,Left-wing,4,1
israel_hezbollah_gaza,2025-08,Left-wing,2,1
israel_hezbollah_gaza,2025-09,Left-wing,2,1
israel_hezbollah_gaza,2025-09,Right-wing,8,1
israel_hezbollah_gaza,2025-10,Right-wing,6,1
israel_hezbollah_gaza,2025-11,Resistance,3,1
israel_hezbollah_gaza,2025-11,Right-wing,1,1
israel_hezbollah_gaza,2025-11,Zionist,19,1
israel_hezbollah_gaza,2025-12,Zionist,42,2
israel_hezbollah_gaza,2026-01,Zionist,61,3
israel_hezbollah_gaza,2026-02,Left-wing,26,2
israel_hezbollah_gaza,2026-02,Russian,6,2
israel_hezbollah_gaza,2026-02,Ukrainian,2,1
israel_hezbollah_gaza,2026-02,Zionist,95,3
israel_hezbollah_gaza,2026-03,Left-wing,27,2
israel_hezbollah_gaza,2026-03,Resistance,151,3
israel_hezbollah_gaza,2026-03,Right-wing,13,2
israel_hezbollah_gaza,2026-03,Russian,14,2
israel_hezbollah_gaza,2026-03,Western,1,1
israel_hezbollah_gaza,2026-03,Zionist,279,4
israel_hezbollah_gaza,2026-08,Left-wing,2,2
israel_hezbollah_gaza,2026-08,Resistance,4,2
israel_hezbollah_gaza,2026-08,Russian,1,1
israel_hezbollah_gaza,2026-08,Western,2,1
israel_hezbollah_gaza,2026-08,Zionist,11,5
russia_ukraine,2021-11,Ukrainian,4,1
russia_ukraine,2021-12,Russian,25,1
russia_ukraine,2021-12,Ukrainian,2,1
russia_ukraine,2022-01,Russian,11,1
russia_ukraine,2022-01,Ukrainian,10,1
russia_ukraine,2022-02,Russian,43,1
russia_ukraine,2022-02,Ukrainian,20,1
russia_ukraine,2022-03,Russian,11,1
russia_ukraine,2022-03,Ukrainian,14,1
russia_ukraine,2022-04,Ukrainian,5,1
russia_ukraine,2022-05,Ukrainian,3,1
russia_ukraine,2022-06,Ukrainian,4,1
russia_ukraine,2022-07,Ukrainian,4,1
russia_ukraine,2022-08,Ukrainian,3,1
russia_ukraine,2022-10,Ukrainian,11,1
russia_ukraine,2022-12,Ukrainian,1,1
russia_ukraine,2023-01,Ukrainian,2,1
russia_ukraine,2023-03,Ukrainian,1,1
russia_ukraine,2023-07,Ukrainian,3,1
russia_ukraine,2023-08,Ukrainian,3,1
russia_ukraine,2023-11,Ukrainian,1,1
russia_ukraine,2023-12,Ukrainian,6,1
russia_ukraine,2024-01,Ukrainian,3,1
russia_ukraine,2024-03,Ukrainian,3,1
russia_ukraine,2024-05,Ukrainian,2,1
russia_ukraine,2024-06,Ukrainian,2,1
russia_ukraine,2024-08,Ukrainian,1,1
russia_ukraine,2024-09,Ukrainian,1,1
russia_ukraine,2024-11,Ukrainian,1,1
russia_ukraine,2024-12,Ukrainian,2,1
russia_ukraine,2025-01,Ukrainian,1,1
russia_ukraine,2025-02,Ukrainian,3,1
russia_ukraine,2025-05,Ukrainian,2,1
russia_ukraine,2025-06,Ukrainian,1,1
russia_ukraine,2025-08,Ukrainian,2,1
russia_ukraine,2025-09,Right-wing,1,1
russia_ukraine,2025-09,Ukrainian,2,1
russia_ukraine,2025-10,Western,6,1
russia_ukraine,2025-11,Resistance,1,1
russia_ukraine,2025-11,Russian,5,1
russia_ukraine,2025-11,Western,6,1
russia_ukraine,2025-12,Russian,16,1
russia_ukraine,2025-12,Ukrainian,3,1
russia_ukraine,2025-12,Western,7,1
russia_ukraine,2026-01,Right-wing,1,1
russia_ukraine,2026-01,Russian,8,1
russia_ukraine,2026-01,Ukrainian,18,2
russia_ukraine,2026-01,Western,13,2
russia_ukraine,2026-02,Left-wing,1,1
russia_ukraine,2026-02,Russian,70,2
russia_ukraine,2026-02,Ukrainian,99,2
russia_ukraine,2026-02,Western,23,2
russia_ukraine,2026-03,Left-wing,3,2
russia_ukraine,2026-03,Resistance,2,1
russia_ukraine,2026-03,Right-wing,3,1
russia_ukraine,2026-03,Russian,97,2
russia_ukraine,2026-03,Ukrainian,105,3
russia_ukraine,2026-03,Western,3,2
russia_ukraine,2026-03,Zionist,1,1
russia_ukraine,2026-07,Russian,1,1
russia_ukraine,2026-08,Resistance,1,1
russia_ukraine,2026-08,Russian,10,4
russia_ukraine,2026-08,Ukrainian,12,4
russia_ukraine,2026-08,Western,3,2
us_politics_trump,2021-12,Russian,29,1
us_politics_trump,2022-01,Russian,15,1
us_politics_trump,2022-02,Russian,35,1
us_politics_trump,2022-02,Ukrainian,2,1
us_politics_trump,2022-03,Russian,12,1
us_politics_trump,2022-10,Ukrainian,1,1
us_politics_trump,2025-06,Left-wing,1,1
us_politics_trump,2025-07,Left-wing,15,1
us_politics_trump,2025-08,Left-wing,11,1
us_politics_trump,2025-09,Left-wing,10,1
us_politics_trump,2025-09,Right-wing,7,1
us_politics_trump,2025-10,Left-wing,25,1
us_politics_trump,2025-10,Right-wing,14,1
us_politics_trump,2025-10,Western,1,1
us_politics_trump,2025-11,Left-wing,8,1
us_politics_trump,2025-11,Resistance,1,1
us_politics_trump,2025-11,Right-wing,5,1
us_politics_trump,2025-11,Western,3,1
us_politics_trump,2025-12,Left-wing,8,1
us_politics_trump,2025-12,Russian,3,1
us_politics_trump,2025-12,Western,2,1
us_politics_trump,2025-12,Zionist,1,1
us_politics_trump,2026-01,Left-wing,15,1
us_politics_trump,2026-01,Resistance,5,1
us_politics_trump,2026-01,Right-wing,7,1
us_politics_trump,2026-01,Russian,1,1
us_politics_trump,2026-01,Ukrainian,2,1
us_politics_trump,2026-01,Western,5,2
us_politics_trump,2026-01,Zionist,3,2
us_politics_trump,2026-02,Left-wing,22,2
us_politics_trump,2026-02,Resistance,4,1
us_politics_trump,2026-02,Right-wing,8,1
us_politics_trump,2026-02,Russian,7,1
us_politics_trump,2026-02,Ukrainian,8,2
us_politics_trump,2026-02,Western,6,2
us_politics_trump,2026-02,Zionist,3,2
us_politics_trump,2026-03,Left-wing,20,2
us_politics_trump,2026-03,Resistance,23,3
us_politics_trump,2026-03,Right-wing,92,2
us_politics_trump,2026-03,Russian,17,2
us_politics_trump,2026-03,Ukrainian,12,2
us_politics_trump,2026-03,Western,10,3
us_politics_trump,2026-03,Zionist,23,3
us_politics_trump,2026-07,Left-wing,1,1
us_politics_trump,2026-08,Left-wing,3,2
us_politics_trump,2026-08,Resistance,4,2
us_politics_trump,2026-08,Right-wing,2,2
us_politics_trump,2026-08,Western,5,4
us_politics_trump,2026-08,Zionist,1,1
